clear,all
ребёнок/девочка/аксессуар/аксессуар волос,Детям/Девочкам/Аксессуары/Аксессуары для волос
ребёнок/девочка/аксессуар/брелок,Детям/Девочкам/Аксессуары/Брелоки
ребёнок/девочка/аксессуар/головной убор/балаклава бандать,Детям/Девочкам/Аксессуары/Головные уборы/Балаклавы и банданы
ребёнок/девочка/аксессуар/головной убор/бейсболка кепка,Детям/Девочкам/Аксессуары/Головные уборы/Бейсболки и кепки
ребёнок/девочка/аксессуар/головной убор/комплект,Детям/Девочкам/Аксессуары/Головные уборы/Комплекты
ребёнок/девочка/аксессуар/головной убор/наушник,Детям/Девочкам/Аксессуары/Головные уборы/Наушники
ребёнок/девочка/аксессуар/головной убор/панама,Детям/Девочкам/Аксессуары/Головные уборы/Панамы
ребёнок/девочка/аксессуар/головной убор/шапка берет,Детям/Девочкам/Аксессуары/Головные уборы/Шапки и береты
ребёнок/девочка/аксессуар/головной убор/шляпа,Детям/Девочкам/Аксессуары/Головные уборы/Шляпы
ребёнок/девочка/аксессуар/защитный маска,Детям/Девочкам/Аксессуары/Защитные маски
ребёнок/девочка/аксессуар/зонт,Детям/Девочкам/Аксессуары/Зонты
ребёнок/девочка/аксессуар/одеяло,Детям/Девочкам/Аксессуары/Одеяла
ребёнок/девочка/аксессуар/очки,Детям/Девочкам/Аксессуары/Очки
ребёнок/девочка/аксессуар/пенал кошелёк,Детям/Девочкам/Аксессуары/Пеналы и кошельки
ребёнок/девочка/аксессуар/перчатка варежка/варежка,Детям/Девочкам/Аксессуары/Перчатки и варежки/Варежки
ребёнок/девочка/аксессуар/перчатка варежка/перчатка,Детям/Девочкам/Аксессуары/Перчатки и варежки/Перчатки
ребёнок/девочка/аксессуар/платок шарф/платок,Детям/Девочкам/Аксессуары/Платки и шарфы/Платки
ребёнок/девочка/аксессуар/платок шарф/шарф,Детям/Девочкам/Аксессуары/Платки и шарфы/Шарфы
ребёнок/девочка/аксессуар/ремень подтяжка,Детям/Девочкам/Аксессуары/Ремни и подтяжки
ребёнок/девочка/аксессуар/рюкзак,Детям/Девочкам/Аксессуары/Рюкзаки
ребёнок/девочка/аксессуар/сумка чехол,Детям/Девочкам/Аксессуары/Сумки и чехлы
ребёнок/девочка/аксессуар/украшение,Детям/Девочкам/Аксессуары/Украшения
ребёнок/девочка/аксессуар/часы,Детям/Девочкам/Аксессуары/Часы
ребёнок/девочка/аксессуар/ювелирный украшение,Детям/Девочкам/Аксессуары/Ювелирные украшения
ребёнок/девочка/обувь/балетки,Детям/Девочкам/Обувь/Балетки
ребёнок/девочка/обувь/босоножка,Детям/Девочкам/Обувь/Босоножки
ребёнок/девочка/обувь/ботинок,Детям/Девочкам/Обувь/Ботинки
ребёнок/девочка/обувь/домашний обувь,Детям/Девочкам/Обувь/Домашняя обувь
ребёнок/девочка/обувь/кроссовок кед/бутсы,Детям/Девочкам/Обувь/Кроссовки и кеды/Бутсы
ребёнок/девочка/обувь/кроссовок кед/кед,Детям/Девочкам/Обувь/Кроссовки и кеды/Кеды
ребёнок/девочка/обувь/кроссовок кед/кроссовок,Детям/Девочкам/Обувь/Кроссовки и кеды/Кроссовки
ребёнок/девочка/обувь/мокасин слипон,Детям/Девочкам/Обувь/Мокасины и слипоны
ребёнок/девочка/обувь/пинетка,Детям/Девочкам/Обувь/Пинетки
ребёнок/девочка/обувь/резиновый обувь/акваобувь,Детям/Девочкам/Обувь/Резиновая обувь/Акваобувь
ребёнок/девочка/обувь/резиновый обувь/крокс др,Детям/Девочкам/Обувь/Резиновая обувь/Кроксы и др.
ребёнок/девочка/обувь/резиновый обувь/сандалия,Детям/Девочкам/Обувь/Резиновая обувь/Сандалии
ребёнок/девочка/обувь/резиновый обувь/сапог,Детям/Девочкам/Обувь/Резиновая обувь/Сапоги
ребёнок/девочка/обувь/резиновый обувь/сланец,Детям/Девочкам/Обувь/Резиновая обувь/Сланцы
ребёнок/девочка/обувь/сандалия,Детям/Девочкам/Обувь/Сандалии
ребёнок/девочка/обувь/сапог/валенок,Детям/Девочкам/Обувь/Сапоги/Валенки
ребёнок/девочка/обувь/сапог/дутик,Детям/Девочкам/Обувь/Сапоги/Дутики
ребёнок/девочка/обувь/сапог/сапог,Детям/Девочкам/Обувь/Сапоги/Сапоги
ребёнок/девочка/обувь/сапог/угга унт,Детям/Девочкам/Обувь/Сапоги/Угги и унты
ребёнок/девочка/обувь/туфля,Детям/Девочкам/Обувь/Туфли
ребёнок/девочка/обувь/уход обувь,Детям/Девочкам/Обувь/Уход за обувью
ребёнок/девочка/одежда/бельё одежда дом/бодить,Детям/Девочкам/Одежда/Белье и одежда для дома/Боди
ребёнок/девочка/одежда/бельё одежда дом/брюки шорты,Детям/Девочкам/Одежда/Белье и одежда для дома/Брюки и шорты
ребёнок/девочка/одежда/бельё одежда дом/бюстгальтер,Детям/Девочкам/Одежда/Белье и одежда для дома/Бюстгальтеры
ребёнок/девочка/одежда/бельё одежда дом/кигуруметь,Детям/Девочкам/Одежда/Белье и одежда для дома/Кигуруми
ребёнок/девочка/одежда/бельё одежда дом/комбинезон,Детям/Девочкам/Одежда/Белье и одежда для дома/Комбинезоны
ребёнок/девочка/одежда/бельё одежда дом/комплект,Детям/Девочкам/Одежда/Белье и одежда для дома/Комплекты
ребёнок/девочка/одежда/бельё одежда дом/ночной сорочка,Детям/Девочкам/Одежда/Белье и одежда для дома/Ночные сорочки
ребёнок/девочка/одежда/бельё одежда дом/пижама,Детям/Девочкам/Одежда/Белье и одежда для дома/Пижамы
ребёнок/девочка/одежда/бельё одежда дом/термобельё,Детям/Девочкам/Одежда/Белье и одежда для дома/Термобелье
ребёнок/девочка/одежда/бельё одежда дом/трус,Детям/Девочкам/Одежда/Белье и одежда для дома/Трусы
ребёнок/девочка/одежда/бельё одежда дом/футболка майка,Детям/Девочкам/Одежда/Белье и одежда для дома/Футболки и майки
ребёнок/девочка/одежда/бельё одежда дом/халат,Детям/Девочкам/Одежда/Белье и одежда для дома/Халаты
ребёнок/девочка/одежда/блуза рубашка,Детям/Девочкам/Одежда/Блузы и рубашки
ребёнок/девочка/одежда/брюки комбинезон/бридж капереть,Детям/Девочкам/Одежда/Брюки и комбинезоны/Бриджи и капри
ребёнок/девочка/одежда/брюки комбинезон/брюки,Детям/Девочкам/Одежда/Брюки и комбинезоны/Брюки
ребёнок/девочка/одежда/брюки комбинезон/комбинезон,Детям/Девочкам/Одежда/Брюки и комбинезоны/Комбинезоны
ребёнок/девочка/одежда/брюки комбинезон/леггинс,Детям/Девочкам/Одежда/Брюки и комбинезоны/Леггинсы
ребёнок/девочка/одежда/брюки комбинезон/ползунок,Детям/Девочкам/Одежда/Брюки и комбинезоны/Ползунки
ребёнок/девочка/одежда/брюки комбинезон/спортивный брюки,Детям/Девочкам/Одежда/Брюки и комбинезоны/Спортивные брюки
ребёнок/девочка/одежда/верхний одежда/жилет,Детям/Девочкам/Одежда/Верхняя одежда/Жилеты
ребёнок/девочка/одежда/верхний одежда/комбинезон костюм,Детям/Девочкам/Одежда/Верхняя одежда/Комбинезоны и костюмы
ребёнок/девочка/одежда/верхний одежда/куртка пуховик,Детям/Девочкам/Одежда/Верхняя одежда/Куртки и пуховики
ребёнок/девочка/одежда/верхний одежда/лёгкий куртка ветровка,Детям/Девочкам/Одежда/Верхняя одежда/Легкие куртки и ветровки
ребёнок/девочка/одежда/верхний одежда/пальто плащ,Детям/Девочкам/Одежда/Верхняя одежда/Пальто и плащи
ребёнок/девочка/одежда/джемпер кардиган/болеро/накидка пончо,Детям/Девочкам/Одежда/Джемперы и кардиганы/Болеро/накидки и пончо
ребёнок/девочка/одежда/джемпер кардиган/водолазка,Детям/Девочкам/Одежда/Джемперы и кардиганы/Водолазки
ребёнок/девочка/одежда/джемпер кардиган/джемпер/пуловер свитер,Детям/Девочкам/Одежда/Джемперы и кардиганы/Джемперы/пуловеры и свитеры
ребёнок/девочка/одежда/джемпер кардиган/жилет,Детям/Девочкам/Одежда/Джемперы и кардиганы/Жилеты
ребёнок/девочка/одежда/джемпер кардиган/кардиган,Детям/Девочкам/Одежда/Джемперы и кардиганы/Кардиганы
ребёнок/девочка/одежда/джинсы/джинсы джеггинс,Детям/Девочкам/Одежда/Джинсы/Джинсы и джеггинсы
ребёнок/девочка/одежда/джинсы/комбинезон,Детям/Девочкам/Одежда/Джинсы/Комбинезоны
ребёнок/девочка/одежда/комплект,Детям/Девочкам/Одежда/Комплекты
ребёнок/девочка/одежда/конверт,Детям/Девочкам/Одежда/Конверты
ребёнок/девочка/одежда/купальник/купальник,Детям/Девочкам/Одежда/Купальники/Купальники
ребёнок/девочка/одежда/купальник/плавка,Детям/Девочкам/Одежда/Купальники/Плавки
ребёнок/девочка/одежда/купальник/топ,Детям/Девочкам/Одежда/Купальники/Топы
ребёнок/девочка/одежда/майка топ,Детям/Девочкам/Одежда/Майки и топы
ребёнок/девочка/одежда/носка колготки/гетры,Детям/Девочкам/Одежда/Носки и колготки/Гетры
ребёнок/девочка/одежда/носка колготки/гольф,Детям/Девочкам/Одежда/Носки и колготки/Гольфы
ребёнок/девочка/одежда/носка колготки/колготки,Детям/Девочкам/Одежда/Носки и колготки/Колготки
ребёнок/девочка/одежда/носка колготки/леггинс,Детям/Девочкам/Одежда/Носки и колготки/Леггинсы
ребёнок/девочка/одежда/носка колготки/носка,Детям/Девочкам/Одежда/Носки и колготки/Носки
ребёнок/девочка/одежда/пиджак костюм,Детям/Девочкам/Одежда/Пиджаки и костюмы
ребёнок/девочка/одежда/платье сарафан/нарядный платье,Детям/Девочкам/Одежда/Платья и сарафаны/Нарядные платья
ребёнок/девочка/одежда/платье сарафан/повседневный платье,Детям/Девочкам/Одежда/Платья и сарафаны/Повседневные платья
ребёнок/девочка/одежда/платье сарафан/сарафан,Детям/Девочкам/Одежда/Платья и сарафаны/Сарафаны
ребёнок/девочка/одежда/спортивный костюм,Детям/Девочкам/Одежда/Спортивные костюмы
ребёнок/девочка/одежда/толстовка свитшота/олимпийка,Детям/Девочкам/Одежда/Толстовки и свитшоты/Олимпийки
ребёнок/девочка/одежда/толстовка свитшота/свитшота,Детям/Девочкам/Одежда/Толстовки и свитшоты/Свитшоты
ребёнок/девочка/одежда/толстовка свитшота/толстовка,Детям/Девочкам/Одежда/Толстовки и свитшоты/Толстовки
ребёнок/девочка/одежда/толстовка свитшота/худить,Детям/Девочкам/Одежда/Толстовки и свитшоты/Худи
ребёнок/девочка/одежда/футболка полый/лонгслив,Детям/Девочкам/Одежда/Футболки и поло/Лонгсливы
ребёнок/девочка/одежда/футболка полый/полый,Детям/Девочкам/Одежда/Футболки и поло/Поло
ребёнок/девочка/одежда/футболка полый/футболка короткий рукав,Детям/Девочкам/Одежда/Футболки и поло/Футболки с коротким рукавом
ребёнок/девочка/одежда/шорты,Детям/Девочкам/Одежда/Шорты
ребёнок/девочка/одежда/юбка,Детям/Девочкам/Одежда/Юбки
ребёнок/девочка/спорт/аксессуар/головной убор/балаклава,Детям/Девочкам/Спорт/Аксессуары/Головные уборы/Балаклавы
ребёнок/девочка/спорт/аксессуар/головной убор/бандать,Детям/Девочкам/Спорт/Аксессуары/Головные уборы/Банданы
ребёнок/девочка/спорт/аксессуар/головной убор/бейсболка,Детям/Девочкам/Спорт/Аксессуары/Головные уборы/Бейсболки
ребёнок/девочка/спорт/аксессуар/головной убор/шапка,Детям/Девочкам/Спорт/Аксессуары/Головные уборы/Шапки
ребёнок/девочка/спорт/аксессуар/очки,Детям/Девочкам/Спорт/Аксессуары/Очки
ребёнок/девочка/спорт/аксессуар/перчатка варежка/варежка,Детям/Девочкам/Спорт/Аксессуары/Перчатки и варежки/Варежки
ребёнок/девочка/спорт/аксессуар/перчатка варежка/перчатка,Детям/Девочкам/Спорт/Аксессуары/Перчатки и варежки/Перчатки
ребёнок/девочка/спорт/аксессуар/рюкзак,Детям/Девочкам/Спорт/Аксессуары/Рюкзаки
ребёнок/девочка/спорт/аксессуар/сумка/рюкзак,Детям/Девочкам/Спорт/Аксессуары/Сумки/Рюкзаки
ребёнок/девочка/спорт/аксессуар/сумка/сумка,Детям/Девочкам/Спорт/Аксессуары/Сумки/Сумки
ребёнок/девочка/спорт/аксессуар/шарф,Детям/Девочкам/Спорт/Аксессуары/Шарфы
ребёнок/девочка/спорт/обувь/балетки,Детям/Девочкам/Спорт/Обувь/Балетки
ребёнок/девочка/спорт/обувь/ботинок,Детям/Девочкам/Спорт/Обувь/Ботинки
ребёнок/девочка/спорт/обувь/дутик,Детям/Девочкам/Спорт/Обувь/Дутики
ребёнок/девочка/спорт/обувь/кед,Детям/Девочкам/Спорт/Обувь/Кеды
ребёнок/девочка/спорт/обувь/кроссовок,Детям/Девочкам/Спорт/Обувь/Кроссовки
ребёнок/девочка/спорт/обувь/мокасин эспадрилья,Детям/Девочкам/Спорт/Обувь/Мокасины и Эспадрильи
ребёнок/девочка/спорт/обувь/сандалия,Детям/Девочкам/Спорт/Обувь/Сандалии
ребёнок/девочка/спорт/обувь/сапог угга,Детям/Девочкам/Спорт/Обувь/Сапоги и Угги
ребёнок/девочка/спорт/обувь/сланец акваобувь,Детям/Девочкам/Спорт/Обувь/Сланцы и Акваобувь
ребёнок/девочка/спорт/одежда/брюки/капереть,Детям/Девочкам/Спорт/Одежда/Брюки/Капри
ребёнок/девочка/спорт/одежда/брюки/леггинс,Детям/Девочкам/Спорт/Одежда/Брюки/Леггинсы
ребёнок/девочка/спорт/одежда/брюки/спортивный брюки,Детям/Девочкам/Спорт/Одежда/Брюки/Спортивные брюки
ребёнок/девочка/спорт/одежда/брюки/шорты,Детям/Девочкам/Спорт/Одежда/Брюки/Шорты
ребёнок/девочка/спорт/одежда/купальник/купальник,Детям/Девочкам/Спорт/Одежда/Купальники/Купальники
ребёнок/девочка/спорт/одежда/купальник/шорты плавание бордшорты,Детям/Девочкам/Спорт/Одежда/Купальники/Шорты для плавания и бордшорты
ребёнок/девочка/спорт/одежда/куртка жилет/жилет,Детям/Девочкам/Спорт/Одежда/Куртки и жилеты/Жилеты
ребёнок/девочка/спорт/одежда/майка топ,Детям/Девочкам/Спорт/Одежда/Майки и топы
ребёнок/девочка/спорт/одежда/нижний бельё носка/носка,Детям/Девочкам/Спорт/Одежда/Нижнее белье и носки/Носки
ребёнок/девочка/спорт/одежда/платье,Детям/Девочкам/Спорт/Одежда/Платья
ребёнок/девочка/спорт/одежда/рубашка,Детям/Девочкам/Спорт/Одежда/Рубашки
ребёнок/девочка/спорт/одежда/свитер/водолазка,Детям/Девочкам/Спорт/Одежда/Свитеры/Водолазки
ребёнок/девочка/спорт/одежда/свитер/джемпер,Детям/Девочкам/Спорт/Одежда/Свитеры/Джемперы
ребёнок/девочка/спорт/одежда/спортивный костюм/бодить танец,Детям/Девочкам/Спорт/Одежда/Спортивные костюмы/Боди для танцев
ребёнок/девочка/спорт/одежда/спортивный костюм/кимоно,Детям/Девочкам/Спорт/Одежда/Спортивные костюмы/Кимоно
ребёнок/девочка/спорт/одежда/спортивный костюм/костюм,Детям/Девочкам/Спорт/Одежда/Спортивные костюмы/Костюмы
ребёнок/девочка/спорт/одежда/термобельё/лонгслив,Детям/Девочкам/Спорт/Одежда/Термобелье/Лонгсливы
ребёнок/девочка/спорт/одежда/термобельё/трико шорты,Детям/Девочкам/Спорт/Одежда/Термобелье/Трико и шорты
ребёнок/девочка/спорт/одежда/толстовка/олимпийка,Детям/Девочкам/Спорт/Одежда/Толстовки/Олимпийки
ребёнок/девочка/спорт/одежда/толстовка/толстовка,Детям/Девочкам/Спорт/Одежда/Толстовки/Толстовки
ребёнок/девочка/спорт/одежда/футболка полый/лонгслив,Детям/Девочкам/Спорт/Одежда/Футболки и поло/Лонгсливы
ребёнок/девочка/спорт/одежда/футболка полый/полый,Детям/Девочкам/Спорт/Одежда/Футболки и поло/Поло
ребёнок/девочка/спорт/одежда/футболка полый/футболка,Детям/Девочкам/Спорт/Одежда/Футболки и поло/Футболки
ребёнок/девочка/спорт/одежда/шорты юбка,Детям/Девочкам/Спорт/Одежда/Шорты и юбки
ребёнок/девочка/спорт/экипировка/аксессуар плавание/очки,Детям/Девочкам/Спорт/Экипировка/Аксессуары для плавания/Очки
ребёнок/девочка/спорт/экипировка/аксессуар плавание/шапочка,Детям/Девочкам/Спорт/Экипировка/Аксессуары для плавания/Шапочки
ребёнок/девочка/спорт/экипировка/вратарский перчатка,Детям/Девочкам/Спорт/Экипировка/Вратарские перчатки
ребёнок/девочка/спорт/экипировка/другой экипировка,Детям/Девочкам/Спорт/Экипировка/Другая экипировка
ребёнок/девочка/спорт/экипировка/мяч/баскетбольный мяч,Детям/Девочкам/Спорт/Экипировка/Мячи/Баскетбольные мячи
ребёнок/девочка/спорт/экипировка/мяч/футбольный мяч,Детям/Девочкам/Спорт/Экипировка/Мячи/Футбольные мячи
ребёнок/девочка/спорт/экипировка/щиток,Детям/Девочкам/Спорт/Экипировка/Щитки
ребёнок/девочка/школа/бант,Детям/Девочкам/Школа/Банты
ребёнок/девочка/школа/блуза рубашка,Детям/Девочкам/Школа/Блузы и рубашки
ребёнок/девочка/школа/брюки,Детям/Девочкам/Школа/Брюки
ребёнок/девочка/школа/джемпер водолазка,Детям/Девочкам/Школа/Джемперы и водолазки
ребёнок/девочка/школа/жакет кардиган,Детям/Девочкам/Школа/Жакеты и кардиганы
ребёнок/девочка/школа/колготки,Детям/Девочкам/Школа/Колготки
ребёнок/девочка/школа/костюм,Детям/Девочкам/Школа/Костюмы
ребёнок/девочка/школа/обувь,Детям/Девочкам/Школа/Обувь
ребёнок/девочка/школа/пенал,Детям/Девочкам/Школа/Пеналы
ребёнок/девочка/школа/платье,Детям/Девочкам/Школа/Платья
ребёнок/девочка/школа/рюкзак,Детям/Девочкам/Школа/Рюкзаки
ребёнок/девочка/школа/юбка,Детям/Девочкам/Школа/Юбки
ребёнок/игрушка/lego/4,Детям/Игрушки/LEGO/4+
ребёнок/игрушка/lego/boost,Детям/Игрушки/LEGO/BOOST
ребёнок/игрушка/lego/city,Детям/Игрушки/LEGO/City
ребёнок/игрушка/lego/classic,Детям/Игрушки/LEGO/Classic
ребёнок/игрушка/lego/creator,Детям/Игрушки/LEGO/Creator
ребёнок/игрушка/lego/dc super heroes,Детям/Игрушки/LEGO/DC Super Heroes
ребёнок/игрушка/lego/dots,Детям/Игрушки/LEGO/DOTS
ребёнок/игрушка/lego/duplo,Детям/Игрушки/LEGO/DUPLO
ребёнок/игрушка/lego/disney princess,Детям/Игрушки/LEGO/Disney Princess
ребёнок/игрушка/lego/friends,Детям/Игрушки/LEGO/Friends
ребёнок/игрушка/lego/harry potter,Детям/Игрушки/LEGO/Harry Potter
ребёнок/игрушка/lego/hidden side,Детям/Игрушки/LEGO/Hidden Side
ребёнок/игрушка/lego/mindstorms,Детям/Игрушки/LEGO/MINDSTORMS
ребёнок/игрушка/lego/marvel super heroes,Детям/Игрушки/LEGO/Marvel Super Heroes
ребёнок/игрушка/lego/ninjago,Детям/Игрушки/LEGO/NINJAGO
ребёнок/игрушка/lego/star wars,Детям/Игрушки/LEGO/Star Wars
ребёнок/игрушка/lego/technic,Детям/Игрушки/LEGO/Technic
ребёнок/игрушка/lego/trolls,Детям/Игрушки/LEGO/Trolls
ребёнок/игрушка/игровой набор,Детям/Игрушки/Игровые наборы
ребёнок/игрушка/игрушечный оружие,Детям/Игрушки/Игрушечное оружие
ребёнок/игрушка/игрушка малыш/игрушка ванна/набор,Детям/Игрушки/Игрушки для малышей/Игрушки для ванны/Наборы
ребёнок/игрушка/игрушка малыш/игрушка ванна/резиновый уточка,Детям/Игрушки/Игрушки для малышей/Игрушки для ванны/Резиновые уточки
ребёнок/игрушка/игрушка малыш/игрушка кроватка коляска/мобить,Детям/Игрушки/Игрушки для малышей/Игрушки для кроваток и колясок/Мобили
ребёнок/игрушка/игрушка малыш/игрушка кроватка коляска/ночник,Детям/Игрушки/Игрушки для малышей/Игрушки для кроваток и колясок/Ночники
ребёнок/игрушка/игрушка малыш/игрушка кроватка коляска/подвесной игрушка дуга,Детям/Игрушки/Игрушки для малышей/Игрушки для кроваток и колясок/Подвесные игрушки и дуги
ребёнок/игрушка/игрушка малыш/коврик,Детям/Игрушки/Игрушки для малышей/Коврики
ребёнок/игрушка/игрушка малыш/погремушка прорезыватель,Детям/Игрушки/Игрушки для малышей/Погремушки и прорезыватели
ребёнок/игрушка/игрушка малыш/развивать игрушка,Детям/Игрушки/Игрушки для малышей/Развивающие игрушки
ребёнок/игрушка/конструктор/3d магнитный конструктор,Детям/Игрушки/Конструкторы/3D магнитные конструкторы
ребёнок/игрушка/конструктор/lego конструктор,Детям/Игрушки/Конструкторы/LEGO-конструкторы
ребёнок/игрушка/конструктор/деревянный конструктор,Детям/Игрушки/Конструкторы/Деревянные конструкторы
ребёнок/игрушка/конструктор/лабиринт,Детям/Игрушки/Конструкторы/Лабиринты
ребёнок/игрушка/конструктор/металлический конструктор,Детям/Игрушки/Конструкторы/Металлические конструкторы
ребёнок/игрушка/конструктор/пластиковый конструктор,Детям/Игрушки/Конструкторы/Пластиковые конструкторы
ребёнок/игрушка/конструктор/строительный конструктор,Детям/Игрушки/Конструкторы/Строительные конструкторы
ребёнок/игрушка/кукла/аксессуар кукла/дом мебель,Детям/Игрушки/Куклы/Аксессуары для кукол/Дома и мебель
ребёнок/игрушка/кукла/аксессуар кукла/одежда аксессуар кукла,Детям/Игрушки/Куклы/Аксессуары для кукол/Одежда и аксессуары для кукол
ребёнок/игрушка/кукла/аксессуар кукла/одежда аксессуар пупс,Детям/Игрушки/Куклы/Аксессуары для кукол/Одежда и аксессуары для пупсов
ребёнок/игрушка/кукла/кукла,Детям/Игрушки/Куклы/Куклы
ребёнок/игрушка/кукла/пупс,Детям/Игрушки/Куклы/Пупсы
ребёнок/игрушка/мягкий игрушка,Детям/Игрушки/Мягкие игрушки
ребёнок/игрушка/настольный игра,Детям/Игрушки/Настольные игры
ребёнок/игрушка/развивать игрушка/интерактивный игрушка,Детям/Игрушки/Развивающие игрушки/Интерактивные игрушки
ребёнок/игрушка/развивать игрушка/набор опыт,Детям/Игрушки/Развивающие игрушки/Наборы для опытов
ребёнок/игрушка/развивать игрушка/набор творчество,Детям/Игрушки/Развивающие игрушки/Наборы для творчества
ребёнок/игрушка/развивать игрушка/пазл,Детям/Игрушки/Развивающие игрушки/Пазлы
ребёнок/игрушка/робот/радиоуправляемый конструктор,Детям/Игрушки/Роботы/Радиоуправляемые конструкторы
ребёнок/игрушка/робот/робот конструктор,Детям/Игрушки/Роботы/Роботы-конструкторы
ребёнок/игрушка/спортивный инвентарь/самокат,Детям/Игрушки/Спортивный инвентарь/Самокаты
ребёнок/игрушка/спортивный инвентарь/спортивный игра,Детям/Игрушки/Спортивный инвентарь/Спортивные игры
ребёнок/игрушка/спортивный инвентарь/тюбинг ледянка,Детям/Игрушки/Спортивный инвентарь/Тюбинги и ледянки
ребёнок/игрушка/транспорт/водный транспорт,Детям/Игрушки/Транспорт/Водный транспорт
ребёнок/игрушка/транспорт/железный дорога паровозик,Детям/Игрушки/Транспорт/Железные дороги и паровозики
ребёнок/игрушка/транспорт/машинка мотоцикл,Детям/Игрушки/Транспорт/Машинки и мотоциклы
ребёнок/игрушка/транспорт/радиоуправляемый транспорт,Детям/Игрушки/Транспорт/Радиоуправляемый транспорт
ребёнок/игрушка/транспорт/самолёт вертолёт,Детям/Игрушки/Транспорт/Самолеты и вертолеты
ребёнок/игрушка/фигурка,Детям/Игрушки/Фигурки
ребёнок/мальчик/аксессуар/брелок,Детям/Мальчикам/Аксессуары/Брелоки
ребёнок/мальчик/аксессуар/галстук,Детям/Мальчикам/Аксессуары/Галстуки
ребёнок/мальчик/аксессуар/головной убор/балаклава бандать,Детям/Мальчикам/Аксессуары/Головные уборы/Балаклавы и банданы
ребёнок/мальчик/аксессуар/головной убор/бейсболка кепка,Детям/Мальчикам/Аксессуары/Головные уборы/Бейсболки и кепки
ребёнок/мальчик/аксессуар/головной убор/комплект,Детям/Мальчикам/Аксессуары/Головные уборы/Комплекты
ребёнок/мальчик/аксессуар/головной убор/наушник,Детям/Мальчикам/Аксессуары/Головные уборы/Наушники
ребёнок/мальчик/аксессуар/головной убор/панама,Детям/Мальчикам/Аксессуары/Головные уборы/Панамы
ребёнок/мальчик/аксессуар/головной убор/шапка,Детям/Мальчикам/Аксессуары/Головные уборы/Шапки
ребёнок/мальчик/аксессуар/головной убор/шляпа,Детям/Мальчикам/Аксессуары/Головные уборы/Шляпы
ребёнок/мальчик/аксессуар/защитный маска,Детям/Мальчикам/Аксессуары/Защитные маски
ребёнок/мальчик/аксессуар/зонт,Детям/Мальчикам/Аксессуары/Зонты
ребёнок/мальчик/аксессуар/одеяло,Детям/Мальчикам/Аксессуары/Одеяла
ребёнок/мальчик/аксессуар/очки,Детям/Мальчикам/Аксессуары/Очки
ребёнок/мальчик/аксессуар/пенал кошелёк,Детям/Мальчикам/Аксессуары/Пеналы и кошельки
ребёнок/мальчик/аксессуар/перчатка варежка/варежка,Детям/Мальчикам/Аксессуары/Перчатки и варежки/Варежки
ребёнок/мальчик/аксессуар/перчатка варежка/перчатка,Детям/Мальчикам/Аксессуары/Перчатки и варежки/Перчатки
ребёнок/мальчик/аксессуар/платок шарф/платок,Детям/Мальчикам/Аксессуары/Платки и шарфы/Платки
ребёнок/мальчик/аксессуар/платок шарф/шарф,Детям/Мальчикам/Аксессуары/Платки и шарфы/Шарфы
ребёнок/мальчик/аксессуар/ремень пояс,Детям/Мальчикам/Аксессуары/Ремни и пояса
ребёнок/мальчик/аксессуар/рюкзак,Детям/Мальчикам/Аксессуары/Рюкзаки
ребёнок/мальчик/аксессуар/сумка чехол,Детям/Мальчикам/Аксессуары/Сумки и чехлы
ребёнок/мальчик/аксессуар/часы,Детям/Мальчикам/Аксессуары/Часы
ребёнок/мальчик/обувь/ботинок,Детям/Мальчикам/Обувь/Ботинки
ребёнок/мальчик/обувь/домашний обувь,Детям/Мальчикам/Обувь/Домашняя обувь
ребёнок/мальчик/обувь/кроссовок кед/бутсы,Детям/Мальчикам/Обувь/Кроссовки и кеды/Бутсы
ребёнок/мальчик/обувь/кроссовок кед/кед,Детям/Мальчикам/Обувь/Кроссовки и кеды/Кеды
ребёнок/мальчик/обувь/кроссовок кед/кроссовок,Детям/Мальчикам/Обувь/Кроссовки и кеды/Кроссовки
ребёнок/мальчик/обувь/мокасин слипон,Детям/Мальчикам/Обувь/Мокасины и слипоны
ребёнок/мальчик/обувь/пинетка,Детям/Мальчикам/Обувь/Пинетки
ребёнок/мальчик/обувь/резиновый обувь/акваобувь,Детям/Мальчикам/Обувь/Резиновая обувь/Акваобувь
ребёнок/мальчик/обувь/резиновый обувь/крокс др,Детям/Мальчикам/Обувь/Резиновая обувь/Кроксы и др.
ребёнок/мальчик/обувь/резиновый обувь/сандалия,Детям/Мальчикам/Обувь/Резиновая обувь/Сандалии
ребёнок/мальчик/обувь/резиновый обувь/сапог,Детям/Мальчикам/Обувь/Резиновая обувь/Сапоги
ребёнок/мальчик/обувь/резиновый обувь/сланец,Детям/Мальчикам/Обувь/Резиновая обувь/Сланцы
ребёнок/мальчик/обувь/сандалия,Детям/Мальчикам/Обувь/Сандалии
ребёнок/мальчик/обувь/сапог/валенок,Детям/Мальчикам/Обувь/Сапоги/Валенки
ребёнок/мальчик/обувь/сапог/дутик,Детям/Мальчикам/Обувь/Сапоги/Дутики
ребёнок/мальчик/обувь/сапог/сапог,Детям/Мальчикам/Обувь/Сапоги/Сапоги
ребёнок/мальчик/обувь/сапог/угга унт,Детям/Мальчикам/Обувь/Сапоги/Угги и унты
ребёнок/мальчик/обувь/туфля,Детям/Мальчикам/Обувь/Туфли
ребёнок/мальчик/обувь/уход обувь,Детям/Мальчикам/Обувь/Уход за обувью
ребёнок/мальчик/одежда/бельё одежда дом/бодить,Детям/Мальчикам/Одежда/Белье и одежда для дома/Боди
ребёнок/мальчик/одежда/бельё одежда дом/брюки шорты,Детям/Мальчикам/Одежда/Белье и одежда для дома/Брюки и шорты
ребёнок/мальчик/одежда/бельё одежда дом/кигуруметь,Детям/Мальчикам/Одежда/Белье и одежда для дома/Кигуруми
ребёнок/мальчик/одежда/бельё одежда дом/комбинезон,Детям/Мальчикам/Одежда/Белье и одежда для дома/Комбинезоны
ребёнок/мальчик/одежда/бельё одежда дом/комплект,Детям/Мальчикам/Одежда/Белье и одежда для дома/Комплекты
ребёнок/мальчик/одежда/бельё одежда дом/пижама,Детям/Мальчикам/Одежда/Белье и одежда для дома/Пижамы
ребёнок/мальчик/одежда/бельё одежда дом/термобельё,Детям/Мальчикам/Одежда/Белье и одежда для дома/Термобелье
ребёнок/мальчик/одежда/бельё одежда дом/трус,Детям/Мальчикам/Одежда/Белье и одежда для дома/Трусы
ребёнок/мальчик/одежда/бельё одежда дом/футболка майка,Детям/Мальчикам/Одежда/Белье и одежда для дома/Футболки и майки
ребёнок/мальчик/одежда/бельё одежда дом/халат,Детям/Мальчикам/Одежда/Белье и одежда для дома/Халаты
ребёнок/мальчик/одежда/брюки комбинезон/бридж,Детям/Мальчикам/Одежда/Брюки и комбинезоны/Бриджи
ребёнок/мальчик/одежда/брюки комбинезон/брюки,Детям/Мальчикам/Одежда/Брюки и комбинезоны/Брюки
ребёнок/мальчик/одежда/брюки комбинезон/комбинезон,Детям/Мальчикам/Одежда/Брюки и комбинезоны/Комбинезоны
ребёнок/мальчик/одежда/брюки комбинезон/ползунок,Детям/Мальчикам/Одежда/Брюки и комбинезоны/Ползунки
ребёнок/мальчик/одежда/брюки комбинезон/спортивный брюки,Детям/Мальчикам/Одежда/Брюки и комбинезоны/Спортивные брюки
ребёнок/мальчик/одежда/верхний одежда/жилет,Детям/Мальчикам/Одежда/Верхняя одежда/Жилеты
ребёнок/мальчик/одежда/верхний одежда/комбинезон костюм,Детям/Мальчикам/Одежда/Верхняя одежда/Комбинезоны и костюмы
ребёнок/мальчик/одежда/верхний одежда/куртка пуховик,Детям/Мальчикам/Одежда/Верхняя одежда/Куртки и пуховики
ребёнок/мальчик/одежда/верхний одежда/лёгкий куртка ветровка,Детям/Мальчикам/Одежда/Верхняя одежда/Легкие куртки и ветровки
ребёнок/мальчик/одежда/верхний одежда/пальто плащ,Детям/Мальчикам/Одежда/Верхняя одежда/Пальто и плащи
ребёнок/мальчик/одежда/джемпер кардиган/водолазка,Детям/Мальчикам/Одежда/Джемперы и кардиганы/Водолазки
ребёнок/мальчик/одежда/джемпер кардиган/джемпер/пуловер свитер,Детям/Мальчикам/Одежда/Джемперы и кардиганы/Джемперы/пуловеры и свитеры
ребёнок/мальчик/одежда/джемпер кардиган/жилет,Детям/Мальчикам/Одежда/Джемперы и кардиганы/Жилеты
ребёнок/мальчик/одежда/джемпер кардиган/кардиган,Детям/Мальчикам/Одежда/Джемперы и кардиганы/Кардиганы
ребёнок/мальчик/одежда/джинсы/джинсы,Детям/Мальчикам/Одежда/Джинсы/Джинсы
ребёнок/мальчик/одежда/джинсы/комбинезон,Детям/Мальчикам/Одежда/Джинсы/Комбинезоны
ребёнок/мальчик/одежда/комплект,Детям/Мальчикам/Одежда/Комплекты
ребёнок/мальчик/одежда/конверт,Детям/Мальчикам/Одежда/Конверты
ребёнок/мальчик/одежда/майка,Детям/Мальчикам/Одежда/Майки
ребёнок/мальчик/одежда/носка колготки/колготки,Детям/Мальчикам/Одежда/Носки и колготки/Колготки
ребёнок/мальчик/одежда/носка колготки/носка,Детям/Мальчикам/Одежда/Носки и колготки/Носки
ребёнок/мальчик/одежда/пиджак костюм,Детям/Мальчикам/Одежда/Пиджаки и костюмы
ребёнок/мальчик/одежда/плавка шорты плавание,Детям/Мальчикам/Одежда/Плавки и шорты для плавания
ребёнок/мальчик/одежда/рубашка,Детям/Мальчикам/Одежда/Рубашки
ребёнок/мальчик/одежда/спортивный костюм,Детям/Мальчикам/Одежда/Спортивные костюмы
ребёнок/мальчик/одежда/толстовка свитшота/олимпийка,Детям/Мальчикам/Одежда/Толстовки и свитшоты/Олимпийки
ребёнок/мальчик/одежда/толстовка свитшота/свитшота,Детям/Мальчикам/Одежда/Толстовки и свитшоты/Свитшоты
ребёнок/мальчик/одежда/толстовка свитшота/толстовка,Детям/Мальчикам/Одежда/Толстовки и свитшоты/Толстовки
ребёнок/мальчик/одежда/толстовка свитшота/худить,Детям/Мальчикам/Одежда/Толстовки и свитшоты/Худи
ребёнок/мальчик/одежда/футболка полый/лонгслив,Детям/Мальчикам/Одежда/Футболки и поло/Лонгсливы
ребёнок/мальчик/одежда/футболка полый/полый,Детям/Мальчикам/Одежда/Футболки и поло/Поло
ребёнок/мальчик/одежда/футболка полый/футболка короткий рукав,Детям/Мальчикам/Одежда/Футболки и поло/Футболки с коротким рукавом
ребёнок/мальчик/одежда/шорты,Детям/Мальчикам/Одежда/Шорты
ребёнок/мальчик/спорт/аксессуар/головной убор/балаклава,Детям/Мальчикам/Спорт/Аксессуары/Головные уборы/Балаклавы
ребёнок/мальчик/спорт/аксессуар/головной убор/бейсболка,Детям/Мальчикам/Спорт/Аксессуары/Головные уборы/Бейсболки
ребёнок/мальчик/спорт/аксессуар/головной убор/шапка,Детям/Мальчикам/Спорт/Аксессуары/Головные уборы/Шапки
ребёнок/мальчик/спорт/аксессуар/очки,Детям/Мальчикам/Спорт/Аксессуары/Очки
ребёнок/мальчик/спорт/аксессуар/перчатка варежка/варежка,Детям/Мальчикам/Спорт/Аксессуары/Перчатки и варежки/Варежки
ребёнок/мальчик/спорт/аксессуар/перчатка варежка/перчатка,Детям/Мальчикам/Спорт/Аксессуары/Перчатки и варежки/Перчатки
ребёнок/мальчик/спорт/аксессуар/рюкзак,Детям/Мальчикам/Спорт/Аксессуары/Рюкзаки
ребёнок/мальчик/спорт/аксессуар/сумка чехол,Детям/Мальчикам/Спорт/Аксессуары/Сумки и чехлы
ребёнок/мальчик/спорт/обувь/ботинок,Детям/Мальчикам/Спорт/Обувь/Ботинки
ребёнок/мальчик/спорт/обувь/бутсы,Детям/Мальчикам/Спорт/Обувь/Бутсы
ребёнок/мальчик/спорт/обувь/дутик,Детям/Мальчикам/Спорт/Обувь/Дутики
ребёнок/мальчик/спорт/обувь/кед,Детям/Мальчикам/Спорт/Обувь/Кеды
ребёнок/мальчик/спорт/обувь/кроссовок,Детям/Мальчикам/Спорт/Обувь/Кроссовки
ребёнок/мальчик/спорт/обувь/мокасин эспадрилья,Детям/Мальчикам/Спорт/Обувь/Мокасины и Эспадрильи
ребёнок/мальчик/спорт/обувь/сандалия,Детям/Мальчикам/Спорт/Обувь/Сандалии
ребёнок/мальчик/спорт/обувь/сапог угга,Детям/Мальчикам/Спорт/Обувь/Сапоги и угги
ребёнок/мальчик/спорт/обувь/сланец акваобувь,Детям/Мальчикам/Спорт/Обувь/Сланцы и акваобувь
ребёнок/мальчик/спорт/одежда/брюки/бридж,Детям/Мальчикам/Спорт/Одежда/Брюки/Бриджи
ребёнок/мальчик/спорт/одежда/брюки/джинсы,Детям/Мальчикам/Спорт/Одежда/Брюки/Джинсы
ребёнок/мальчик/спорт/одежда/брюки/спортивный брюки,Детям/Мальчикам/Спорт/Одежда/Брюки/Спортивные брюки
ребёнок/мальчик/спорт/одежда/куртка жилет/жилет,Детям/Мальчикам/Спорт/Одежда/Куртки и жилеты/Жилеты
ребёнок/мальчик/спорт/одежда/майка,Детям/Мальчикам/Спорт/Одежда/Майки
ребёнок/мальчик/спорт/одежда/нижний бельё носка/носка,Детям/Мальчикам/Спорт/Одежда/Нижнее белье и носки/Носки
ребёнок/мальчик/спорт/одежда/пляж плавание/плавка,Детям/Мальчикам/Спорт/Одежда/Пляж/Плавание/Плавки
ребёнок/мальчик/спорт/одежда/пляж плавание/шорты плавание,Детям/Мальчикам/Спорт/Одежда/Пляж/Плавание/Шорты для плавания
ребёнок/мальчик/спорт/одежда/рубашка,Детям/Мальчикам/Спорт/Одежда/Рубашки
ребёнок/мальчик/спорт/одежда/свитер/водолазка,Детям/Мальчикам/Спорт/Одежда/Свитеры/Водолазки
ребёнок/мальчик/спорт/одежда/свитер/пуловер,Детям/Мальчикам/Спорт/Одежда/Свитеры/Пуловеры
ребёнок/мальчик/спорт/одежда/спортивный костюм/кимоно,Детям/Мальчикам/Спорт/Одежда/Спортивные костюмы/Кимоно
ребёнок/мальчик/спорт/одежда/спортивный костюм/спортивный костюм,Детям/Мальчикам/Спорт/Одежда/Спортивные костюмы/Спортивные костюмы
ребёнок/мальчик/спорт/одежда/термобельё/лонгслив,Детям/Мальчикам/Спорт/Одежда/Термобелье/Лонгсливы
ребёнок/мальчик/спорт/одежда/термобельё/трико шорты,Детям/Мальчикам/Спорт/Одежда/Термобелье/Трико и шорты
ребёнок/мальчик/спорт/одежда/толстовка/олимпийка,Детям/Мальчикам/Спорт/Одежда/Толстовки/Олимпийки
ребёнок/мальчик/спорт/одежда/толстовка/толстовка,Детям/Мальчикам/Спорт/Одежда/Толстовки/Толстовки
ребёнок/мальчик/спорт/одежда/толстовка/флиски,Детям/Мальчикам/Спорт/Одежда/Толстовки/Флиски
ребёнок/мальчик/спорт/одежда/футболка полый/лонгслив,Детям/Мальчикам/Спорт/Одежда/Футболки и поло/Лонгсливы
ребёнок/мальчик/спорт/одежда/футболка полый/полый,Детям/Мальчикам/Спорт/Одежда/Футболки и поло/Поло
ребёнок/мальчик/спорт/одежда/футболка полый/спортивный майка,Детям/Мальчикам/Спорт/Одежда/Футболки и поло/Спортивные майки
ребёнок/мальчик/спорт/одежда/футболка полый/футболка,Детям/Мальчикам/Спорт/Одежда/Футболки и поло/Футболки
ребёнок/мальчик/спорт/одежда/шорты плавка,Детям/Мальчикам/Спорт/Одежда/Шорты и плавки
ребёнок/мальчик/спорт/экипировка/аксессуар плавание/очки,Детям/Мальчикам/Спорт/Экипировка/Аксессуары для плавания/Очки
ребёнок/мальчик/спорт/экипировка/аксессуар плавание/шапочка,Детям/Мальчикам/Спорт/Экипировка/Аксессуары для плавания/Шапочки
ребёнок/мальчик/спорт/экипировка/вратарский перчатка,Детям/Мальчикам/Спорт/Экипировка/Вратарские перчатки
ребёнок/мальчик/спорт/экипировка/другой экипировка,Детям/Мальчикам/Спорт/Экипировка/Другая экипировка
ребёнок/мальчик/спорт/экипировка/мяч/баскетбольный мяч,Детям/Мальчикам/Спорт/Экипировка/Мячи/Баскетбольные мячи
ребёнок/мальчик/спорт/экипировка/мяч/футбольный мяч,Детям/Мальчикам/Спорт/Экипировка/Мячи/Футбольные мячи
ребёнок/мальчик/спорт/экипировка/щиток,Детям/Мальчикам/Спорт/Экипировка/Щитки
ребёнок/мальчик/школа/брюки,Детям/Мальчикам/Школа/Брюки
ребёнок/мальчик/школа/галстук бабочка,Детям/Мальчикам/Школа/Галстуки и бабочки
ребёнок/мальчик/школа/джемпер водолазка,Детям/Мальчикам/Школа/Джемперы и водолазки
ребёнок/мальчик/школа/костюм,Детям/Мальчикам/Школа/Костюмы
ребёнок/мальчик/школа/обувь,Детям/Мальчикам/Школа/Обувь
ребёнок/мальчик/школа/пенал,Детям/Мальчикам/Школа/Пеналы
ребёнок/мальчик/школа/пиджак кардиган,Детям/Мальчикам/Школа/Пиджаки и кардиганы
ребёнок/мальчик/школа/ремень,Детям/Мальчикам/Школа/Ремни
ребёнок/мальчик/школа/рубашка,Детям/Мальчикам/Школа/Рубашки
ребёнок/мальчик/школа/рюкзак,Детям/Мальчикам/Школа/Рюкзаки
ребёнок/новорождённый/аксессуар,Детям/Новорожденным/Аксессуары
ребёнок/новорождённый/конверт одеяло,Детям/Новорожденным/Конверты и одеяла
ребёнок/новорождённый/обувь,Детям/Новорожденным/Обувь
ребёнок/новорождённый/одежда/бодить,Детям/Новорожденным/Одежда/Боди
ребёнок/новорождённый/одежда/брюки/шорты юбка,Детям/Новорожденным/Одежда/Брюки/шорты и юбки
ребёнок/новорождённый/одежда/верхний одежда,Детям/Новорожденным/Одежда/Верхняя одежда
ребёнок/новорождённый/одежда/джемпер толстовка,Детям/Новорожденным/Одежда/Джемперы и толстовки
ребёнок/новорождённый/одежда/комбинезон,Детям/Новорожденным/Одежда/Комбинезоны
ребёнок/новорождённый/одежда/комплект костюм,Детям/Новорожденным/Одежда/Комплекты и костюмы
ребёнок/новорождённый/одежда/носка трус,Детям/Новорожденным/Одежда/Носки и трусы
ребёнок/новорождённый/одежда/платье,Детям/Новорожденным/Одежда/Платья
ребёнок/новорождённый/одежда/футболка рубашка,Детям/Новорожденным/Одежда/Футболки и рубашки
ребёнок/уход косметика/детский косметика,Детям/Уход и косметика/Детская косметика
ребёнок/уход косметика/защита солнце,Детям/Уход и косметика/Защита от солнца
ребёнок/уход косметика/подгузник,Детям/Уход и косметика/Подгузники
ребёнок/уход косметика/уход волос/кондиционер,Детям/Уход и косметика/Уход за волосами/Кондиционеры
ребёнок/уход косметика/уход волос/средство укладка,Детям/Уход и косметика/Уход за волосами/Средства для укладки
ребёнок/уход косметика/уход волос/шампунь,Детям/Уход и косметика/Уход за волосами/Шампуни
ребёнок/уход косметика/уход лицо/бальзам губа,Детям/Уход и косметика/Уход за лицом/Бальзамы для губ
ребёнок/уход косметика/уход лицо/крем,Детям/Уход и косметика/Уход за лицом/Кремы
ребёнок/уход косметика/уход полость рот/зубной паста,Детям/Уход и косметика/Уход за полостью рта/Зубные пасты
ребёнок/уход косметика/уход полость рот/зубной щётка,Детям/Уход и косметика/Уход за полостью рта/Зубные щетки
ребёнок/уход косметика/уход тело/гель душа,Детям/Уход и косметика/Уход за телом/Гели для душа
ребёнок/уход косметика/уход тело/губка мочалка,Детям/Уход и косметика/Уход за телом/Губки и мочалки
ребёнок/уход косметика/уход тело/крем масло,Детям/Уход и косметика/Уход за телом/Кремы и масла
ребёнок/уход косметика/уход тело/мыло,Детям/Уход и косметика/Уход за телом/Мыло
ребёнок/уход косметика/уход тело/пена соль ванна,Детям/Уход и косметика/Уход за телом/Пены и соли для ванн
ребёнок/уход косметика/уход тело/присыпка,Детям/Уход и косметика/Уход за телом/Присыпки
ребёнок/уход косметика/уход тело/салфетка ватный палочка,Детям/Уход и косметика/Уход за телом/Салфетки и ватные палочки
женщина/аксессуар/аксессуар волос/заколка гребень,Женщинам/Аксессуары/Аксессуары для волос/Заколки и гребни
женщина/аксессуар/аксессуар волос/ободок диадема,Женщинам/Аксессуары/Аксессуары для волос/Ободки и диадемы
женщина/аксессуар/аксессуар волос/повязка,Женщинам/Аксессуары/Аксессуары для волос/Повязки
женщина/аксессуар/аксессуар волос/расчёска,Женщинам/Аксессуары/Аксессуары для волос/Расчески
женщина/аксессуар/аксессуар волос/резинка,Женщинам/Аксессуары/Аксессуары для волос/Резинки
женщина/аксессуар/аксессуар волос/шпилька невидимка,Женщинам/Аксессуары/Аксессуары для волос/Шпильки и невидимки
женщина/аксессуар/головной убор/балаклава,Женщинам/Аксессуары/Головные уборы/Балаклавы
женщина/аксессуар/головной убор/бейсболка,Женщинам/Аксессуары/Головные уборы/Бейсболки
женщина/аксессуар/головной убор/берет,Женщинам/Аксессуары/Головные уборы/Береты
женщина/аксессуар/головной убор/кепка,Женщинам/Аксессуары/Головные уборы/Кепки
женщина/аксессуар/головной убор/комплект,Женщинам/Аксессуары/Головные уборы/Комплекты
женщина/аксессуар/головной убор/панама,Женщинам/Аксессуары/Головные уборы/Панамы
женщина/аксессуар/головной убор/повязка,Женщинам/Аксессуары/Головные уборы/Повязки
женщина/аксессуар/головной убор/шапка,Женщинам/Аксессуары/Головные уборы/Шапки
женщина/аксессуар/головной убор/шляпа/шляпа узкий поле,Женщинам/Аксессуары/Головные уборы/Шляпы/Шляпы с узкими полями
женщина/аксессуар/головной убор/шляпа/шляпа широкий поле,Женщинам/Аксессуары/Головные уборы/Шляпы/Шляпы с широкими полями
женщина/аксессуар/защитный маска,Женщинам/Аксессуары/Защитные маски
женщина/аксессуар/зонт/зонт трость,Женщинам/Аксессуары/Зонты/Зонты-трости
женщина/аксессуар/зонт/складный зонт,Женщинам/Аксессуары/Зонты/Складные зонты
женщина/аксессуар/канцелярский товар/аксессуар письмо,Женщинам/Аксессуары/Канцелярские товары/Аксессуары для письма
женщина/аксессуар/канцелярский товар/блокнот тетрадь,Женщинам/Аксессуары/Канцелярские товары/Блокноты и тетради
женщина/аксессуар/канцелярский товар/ежедневник,Женщинам/Аксессуары/Канцелярские товары/Ежедневники
женщина/аксессуар/канцелярский товар/карандаш ручка,Женщинам/Аксессуары/Канцелярские товары/Карандаши и ручки
женщина/аксессуар/ключница брелок,Женщинам/Аксессуары/Ключницы и брелоки
женщина/аксессуар/косметичка,Женщинам/Аксессуары/Косметички
женщина/аксессуар/кошелёк визитница/визитница,Женщинам/Аксессуары/Кошельки и визитницы/Визитницы
женщина/аксессуар/кошелёк визитница/зажим купюра,Женщинам/Аксессуары/Кошельки и визитницы/Зажимы для купюр
женщина/аксессуар/кошелёк визитница/кошелёк,Женщинам/Аксессуары/Кошельки и визитницы/Кошельки
женщина/аксессуар/обложка документ,Женщинам/Аксессуары/Обложки для документов
женщина/аксессуар/очки/оправа/квадратный,Женщинам/Аксессуары/Очки/Оправы/Квадратные
женщина/аксессуар/очки/оправа/кошачий глаз,Женщинам/Аксессуары/Очки/Оправы/Кошачьи глаза
женщина/аксессуар/очки/оправа/круглый,Женщинам/Аксессуары/Очки/Оправы/Круглые
женщина/аксессуар/очки/оправа/оригинальный форма,Женщинам/Аксессуары/Очки/Оправы/Оригинальные формы
женщина/аксессуар/очки/солнцезащитный очки/авиатор пилот,Женщинам/Аксессуары/Очки/Солнцезащитные очки/Авиаторы и пилоты
женщина/аксессуар/очки/солнцезащитный очки/квадратный очки,Женщинам/Аксессуары/Очки/Солнцезащитные очки/Квадратные очки
женщина/аксессуар/очки/солнцезащитный очки/кошачий глаз,Женщинам/Аксессуары/Очки/Солнцезащитные очки/Кошачьи глаза
женщина/аксессуар/очки/солнцезащитный очки/круглый очки,Женщинам/Аксессуары/Очки/Солнцезащитные очки/Круглые очки
женщина/аксессуар/очки/солнцезащитный очки/оригинальный форма,Женщинам/Аксессуары/Очки/Солнцезащитные очки/Оригинальные формы
женщина/аксессуар/очки/солнцезащитный очки/спортивный очки,Женщинам/Аксессуары/Очки/Солнцезащитные очки/Спортивные очки
женщина/аксессуар/очки/солнцезащитный очки/узкий очки,Женщинам/Аксессуары/Очки/Солнцезащитные очки/Узкие очки
женщина/аксессуар/очки/футляр очко,Женщинам/Аксессуары/Очки/Футляры для очков
женщина/аксессуар/перчатка варежка/варежка,Женщинам/Аксессуары/Перчатки и варежки/Варежки
женщина/аксессуар/перчатка варежка/митенка,Женщинам/Аксессуары/Перчатки и варежки/Митенки
женщина/аксессуар/перчатка варежка/перчатка/кожаный перчатка,Женщинам/Аксессуары/Перчатки и варежки/Перчатки/Кожаные перчатки
женщина/аксессуар/перчатка варежка/перчатка/текстильный перчатка,Женщинам/Аксессуары/Перчатки и варежки/Перчатки/Текстильные перчатки
женщина/аксессуар/перчатка варежка/спортивный перчатка,Женщинам/Аксессуары/Перчатки и варежки/Спортивные перчатки
женщина/аксессуар/платок шарф/носовой платок,Женщинам/Аксессуары/Платки и шарфы/Носовые платки
женщина/аксессуар/платок шарф/палантин шаль,Женщинам/Аксессуары/Платки и шарфы/Палантины и шали
женщина/аксессуар/платок шарф/платок,Женщинам/Аксессуары/Платки и шарфы/Платки
женщина/аксессуар/платок шарф/снуда,Женщинам/Аксессуары/Платки и шарфы/Снуды
женщина/аксессуар/платок шарф/шарф,Женщинам/Аксессуары/Платки и шарфы/Шарфы
женщина/аксессуар/ремень пояс/подтяжка,Женщинам/Аксессуары/Ремни и пояса/Подтяжки
женщина/аксессуар/ремень пояс/пояс,Женщинам/Аксессуары/Ремни и пояса/Пояса
женщина/аксессуар/ремень пояс/ремень,Женщинам/Аксессуары/Ремни и пояса/Ремни
женщина/аксессуар/рюкзак/мешок,Женщинам/Аксессуары/Рюкзаки/Мешки
женщина/аксессуар/рюкзак/рюкзак,Женщинам/Аксессуары/Рюкзаки/Рюкзаки
женщина/аксессуар/сумка/аксессуар сумка,Женщинам/Аксессуары/Сумки/Аксессуары для сумок
женщина/аксессуар/сумка/бакета бэг,Женщинам/Аксессуары/Сумки/Бакет-бэг
женщина/аксессуар/сумка/клатч,Женщинам/Аксессуары/Сумки/Клатчи
женщина/аксессуар/сумка/пляжный сумка,Женщинам/Аксессуары/Сумки/Пляжные сумки
женщина/аксессуар/сумка/поясной сумка,Женщинам/Аксессуары/Сумки/Поясные сумки
женщина/аксессуар/сумка/спортивный сумка,Женщинам/Аксессуары/Сумки/Спортивные сумки
женщина/аксессуар/сумка/сумка мама,Женщинам/Аксессуары/Сумки/Сумки для мам
женщина/аксессуар/сумка/сумка ручка,Женщинам/Аксессуары/Сумки/Сумки с ручками
женщина/аксессуар/сумка/сумка плечо,Женщинам/Аксессуары/Сумки/Сумки через плечо
женщина/аксессуар/сумка/сумка шопера,Женщинам/Аксессуары/Сумки/Сумки-шоперы
женщина/аксессуар/украшение/бижутерия/браслет,Женщинам/Аксессуары/Украшения/Бижутерия/Браслеты
женщина/аксессуар/украшение/бижутерия/брошь,Женщинам/Аксессуары/Украшения/Бижутерия/Броши
женщина/аксессуар/украшение/бижутерия/воротник,Женщинам/Аксессуары/Украшения/Бижутерия/Воротники
женщина/аксессуар/украшение/бижутерия/колье бусы,Женщинам/Аксессуары/Украшения/Бижутерия/Колье и бусы
женщина/аксессуар/украшение/бижутерия/кольцо,Женщинам/Аксессуары/Украшения/Бижутерия/Кольца
женщина/аксессуар/украшение/бижутерия/комплект,Женщинам/Аксессуары/Украшения/Бижутерия/Комплекты
женщина/аксессуар/украшение/бижутерия/серьга/каффа,Женщинам/Аксессуары/Украшения/Бижутерия/Серьги/Каффы
женщина/аксессуар/украшение/бижутерия/серьга/клипса,Женщинам/Аксессуары/Украшения/Бижутерия/Серьги/Клипсы
женщина/аксессуар/украшение/бижутерия/серьга/маленький серьга,Женщинам/Аксессуары/Украшения/Бижутерия/Серьги/Маленькие серьги
женщина/аксессуар/украшение/бижутерия/серьга/серьга кольцо,Женщинам/Аксессуары/Украшения/Бижутерия/Серьги/Серьги-кольца
женщина/аксессуар/украшение/бижутерия/серьга/серьга подвеска,Женщинам/Аксессуары/Украшения/Бижутерия/Серьги/Серьги-подвески
женщина/аксессуар/украшение/бижутерия/цепь подвеска,Женщинам/Аксессуары/Украшения/Бижутерия/Цепи и подвески
женщина/аксессуар/украшение/бижутерия/чокер,Женщинам/Аксессуары/Украшения/Бижутерия/Чокеры
женщина/аксессуар/украшение/бижутерия/шарм,Женщинам/Аксессуары/Украшения/Бижутерия/Шармы
женщина/аксессуар/украшение/ювелирный изделие/браслет,Женщинам/Аксессуары/Украшения/Ювелирные изделия/Браслеты
женщина/аксессуар/украшение/ювелирный изделие/брошь,Женщинам/Аксессуары/Украшения/Ювелирные изделия/Броши
женщина/аксессуар/украшение/ювелирный изделие/колье,Женщинам/Аксессуары/Украшения/Ювелирные изделия/Колье
женщина/аксессуар/украшение/ювелирный изделие/кольцо,Женщинам/Аксессуары/Украшения/Ювелирные изделия/Кольца
женщина/аксессуар/украшение/ювелирный изделие/помолвка свадьба/обручальный кольцо,Женщинам/Аксессуары/Украшения/Ювелирные изделия/Помолвка и свадьба/Обручальные кольца
женщина/аксессуар/украшение/ювелирный изделие/помолвка свадьба/помолвочный кольцо,Женщинам/Аксессуары/Украшения/Ювелирные изделия/Помолвка и свадьба/Помолвочные кольца
женщина/аксессуар/украшение/ювелирный изделие/серьга/каффа,Женщинам/Аксессуары/Украшения/Ювелирные изделия/Серьги/Каффы
женщина/аксессуар/украшение/ювелирный изделие/серьга/маленький серьга,Женщинам/Аксессуары/Украшения/Ювелирные изделия/Серьги/Маленькие серьги
женщина/аксессуар/украшение/ювелирный изделие/серьга/серьга кольцо,Женщинам/Аксессуары/Украшения/Ювелирные изделия/Серьги/Серьги-кольца
женщина/аксессуар/украшение/ювелирный изделие/серьга/серьга подвеска,Женщинам/Аксессуары/Украшения/Ювелирные изделия/Серьги/Серьги-подвески
женщина/аксессуар/украшение/ювелирный изделие/цепь подвеска/кулон,Женщинам/Аксессуары/Украшения/Ювелирные изделия/Цепи и подвески/Кулоны
женщина/аксессуар/украшение/ювелирный изделие/цепь подвеска/подвеска,Женщинам/Аксессуары/Украшения/Ювелирные изделия/Цепи и подвески/Подвески
женщина/аксессуар/украшение/ювелирный изделие/цепь подвеска/цепь,Женщинам/Аксессуары/Украшения/Ювелирные изделия/Цепи и подвески/Цепи
женщина/аксессуар/украшение/ювелирный изделие/шарм,Женщинам/Аксессуары/Украшения/Ювелирные изделия/Шармы
женщина/аксессуар/часы/часы стрелка,Женщинам/Аксессуары/Часы/Часы со стрелками
женщина/аксессуар/часы/электронный часы,Женщинам/Аксессуары/Часы/Электронные часы
женщина/аксессуар/чемодан дорожный сумка/аксессуар,Женщинам/Аксессуары/Чемоданы и дорожные сумки/Аксессуары
женщина/аксессуар/чемодан дорожный сумка/бьютя кейс,Женщинам/Аксессуары/Чемоданы и дорожные сумки/Бьюти кейсы
женщина/аксессуар/чемодан дорожный сумка/дорожный сумка,Женщинам/Аксессуары/Чемоданы и дорожные сумки/Дорожные сумки
женщина/аксессуар/чемодан дорожный сумка/чемодан,Женщинам/Аксессуары/Чемоданы и дорожные сумки/Чемоданы
женщина/аксессуар/чехол телефон ноутбук/чехол ноутбук,Женщинам/Аксессуары/Чехлы для телефона и ноутбука/Чехлы для ноутбука
женщина/аксессуар/чехол телефон ноутбук/чехол планшет,Женщинам/Аксессуары/Чехлы для телефона и ноутбука/Чехлы для планшета
женщина/аксессуар/чехол телефон ноутбук/чехол телефон,Женщинам/Аксессуары/Чехлы для телефона и ноутбука/Чехлы для телефона
женщина/обувь/балетки/балетки круглый нос,Женщинам/Обувь/Балетки/Балетки с круглым носом
женщина/обувь/балетки/балетки острый нос,Женщинам/Обувь/Балетки/Балетки с острым носом
женщина/обувь/балетки/балетки открытый нос,Женщинам/Обувь/Балетки/Балетки с открытым носом
женщина/обувь/босоножка,Женщинам/Обувь/Босоножки
женщина/обувь/ботильон/ботильон квадратный нос,Женщинам/Обувь/Ботильоны/Ботильоны с квадратным носом
женщина/обувь/ботильон/ботильон круглый нос,Женщинам/Обувь/Ботильоны/Ботильоны с круглым носом
женщина/обувь/ботильон/ботильон острый нос,Женщинам/Обувь/Ботильоны/Ботильоны с острым носом
женщина/обувь/ботильон/ботильон открытый нос,Женщинам/Обувь/Ботильоны/Ботильоны с открытым носом
женщина/обувь/ботильон/высокий ботильон,Женщинам/Обувь/Ботильоны/Высокие ботильоны
женщина/обувь/ботильон/низкий ботильон,Женщинам/Обувь/Ботильоны/Низкие ботильоны
женщина/обувь/ботинок/высокий ботинок,Женщинам/Обувь/Ботинки/Высокие ботинки
женщина/обувь/ботинок/низкий ботинок,Женщинам/Обувь/Ботинки/Низкие ботинки
женщина/обувь/ботинок/оксфорд дерби,Женщинам/Обувь/Ботинки/Оксфорды и дерби
женщина/обувь/ботинок/тимберленд др,Женщинам/Обувь/Ботинки/Тимберленды и др.
женщина/обувь/ботинок/трекинговый ботинок,Женщинам/Обувь/Ботинки/Трекинговые ботинки
женщина/обувь/ботинок/челси,Женщинам/Обувь/Ботинки/Челси
женщина/обувь/вечерний обувь,Женщинам/Обувь/Вечерняя обувь
женщина/обувь/домашний обувь,Женщинам/Обувь/Домашняя обувь
женщина/обувь/казак,Женщинам/Обувь/Казаки
женщина/обувь/кроссовок кед/кед/высокий кед,Женщинам/Обувь/Кроссовки и кеды/Кеды/Высокие кеды
женщина/обувь/кроссовок кед/кед/низкий кед,Женщинам/Обувь/Кроссовки и кеды/Кеды/Низкие кеды
женщина/обувь/кроссовок кед/кроссовок/высокий кроссовок,Женщинам/Обувь/Кроссовки и кеды/Кроссовки/Высокие кроссовки
женщина/обувь/кроссовок кед/кроссовок/низкий кроссовок,Женщинам/Обувь/Кроссовки и кеды/Кроссовки/Низкие кроссовки
женщина/обувь/мокасин топсайдер,Женщинам/Обувь/Мокасины и топсайдеры
женщина/обувь/обувь увеличить полнота,Женщинам/Обувь/Обувь с увеличенной полнотой
женщина/обувь/резиновый обувь/cандалия,Женщинам/Обувь/Резиновая обувь/Cандалии
женщина/обувь/резиновый обувь/акваобувь,Женщинам/Обувь/Резиновая обувь/Акваобувь
женщина/обувь/резиновый обувь/галоша,Женщинам/Обувь/Резиновая обувь/Галоши
женщина/обувь/резиновый обувь/крокс др,Женщинам/Обувь/Резиновая обувь/Кроксы и др.
женщина/обувь/резиновый обувь/полусапог,Женщинам/Обувь/Резиновая обувь/Полусапоги
женщина/обувь/резиновый обувь/сапог,Женщинам/Обувь/Резиновая обувь/Сапоги
женщина/обувь/резиновый обувь/сланец,Женщинам/Обувь/Резиновая обувь/Сланцы
женщина/обувь/сабо мюль,Женщинам/Обувь/Сабо и мюли
женщина/обувь/сандалия,Женщинам/Обувь/Сандалии
женщина/обувь/сапог/ботфорт,Женщинам/Обувь/Сапоги/Ботфорты
женщина/обувь/сапог/валенок,Женщинам/Обувь/Сапоги/Валенки
женщина/обувь/сапог/дутик,Женщинам/Обувь/Сапоги/Дутики
женщина/обувь/сапог/луноход,Женщинам/Обувь/Сапоги/Луноходы
женщина/обувь/сапог/полусапог,Женщинам/Обувь/Сапоги/Полусапоги
женщина/обувь/сапог/сапог,Женщинам/Обувь/Сапоги/Сапоги
женщина/обувь/сапог/угга унт,Женщинам/Обувь/Сапоги/Угги и унты
женщина/обувь/слипон/высокий слипон,Женщинам/Обувь/Слипоны/Высокие слипоны
женщина/обувь/слипон/низкий слипон,Женщинам/Обувь/Слипоны/Низкие слипоны
женщина/обувь/туфля/закрытый туфля,Женщинам/Обувь/Туфли/Закрытые туфли
женщина/обувь/туфля/лодочка,Женщинам/Обувь/Туфли/Лодочки
женщина/обувь/туфля/лофер,Женщинам/Обувь/Туфли/Лоферы
женщина/обувь/туфля/свадебный туфля,Женщинам/Обувь/Туфли/Свадебные туфли
женщина/обувь/туфля/туфля мэри джейн,Женщинам/Обувь/Туфли/Туфли Мэри Джейн
женщина/обувь/туфля/туфля застёжка лодыжка,Женщинам/Обувь/Туфли/Туфли с застежкой на лодыжке
женщина/обувь/туфля/туфля открытый пятка,Женщинам/Обувь/Туфли/Туфли с открытой пяткой
женщина/обувь/туфля/туфля открытый стопа,Женщинам/Обувь/Туфли/Туфли с открытой стопой
женщина/обувь/туфля/туфля открытый нос,Женщинам/Обувь/Туфли/Туфли с открытым носом
женщина/обувь/уход обувь,Женщинам/Обувь/Уход за обувью
женщина/обувь/шнурок,Женщинам/Обувь/Шнурки
женщина/обувь/эспадрилья,Женщинам/Обувь/Эспадрильи
женщина/одежда/блуза рубашка/блуза/блуза рукав,Женщинам/Одежда/Блузы и рубашки/Блузы/Блузы без рукавов
женщина/одежда/блуза рубашка/блуза/блуза бант,Женщинам/Одежда/Блузы и рубашки/Блузы/Блузы с бантом
женщина/одежда/блуза рубашка/блуза/блуза длинный рукав,Женщинам/Одежда/Блузы и рубашки/Блузы/Блузы с длинным рукавом
женщина/одежда/блуза рубашка/блуза/блуза короткий рукав,Женщинам/Одежда/Блузы и рубашки/Блузы/Блузы с коротким рукавом
женщина/одежда/блуза рубашка/блуза/блуза открытый плечо,Женщинам/Одежда/Блузы и рубашки/Блузы/Блузы с открытыми плечами
женщина/одежда/блуза рубашка/блуза/блуза рюш волан,Женщинам/Одежда/Блузы и рубашки/Блузы/Блузы с рюшами и воланами
женщина/одежда/блуза рубашка/блуза/кружевной блуза,Женщинам/Одежда/Блузы и рубашки/Блузы/Кружевные блузы
женщина/одежда/блуза рубашка/рубашка/джинсовый,Женщинам/Одежда/Блузы и рубашки/Рубашки/Джинсовые
женщина/одежда/блуза рубашка/рубашка/рубашка длинный рукав,Женщинам/Одежда/Блузы и рубашки/Рубашки/Рубашки с длинным рукавом
женщина/одежда/блуза рубашка/рубашка/рубашка короткий рукав,Женщинам/Одежда/Блузы и рубашки/Рубашки/Рубашки с коротким рукавом
женщина/одежда/бодить/бодить блуза,Женщинам/Одежда/Боди/Боди-блузы
женщина/одежда/бодить/бодить топ,Женщинам/Одежда/Боди/Боди-топы
женщина/одежда/брюки/бридж капереть,Женщинам/Одежда/Брюки/Бриджи и капри
женщина/одежда/брюки/горнолыжный брюки,Женщинам/Одежда/Брюки/Горнолыжные брюки
женщина/одежда/брюки/джоггера,Женщинам/Одежда/Брюки/Джоггеры
женщина/одежда/брюки/карго,Женщинам/Одежда/Брюки/Карго
женщина/одежда/брюки/классический брюки,Женщинам/Одежда/Брюки/Классические брюки
женщина/одежда/брюки/кожаный брюки,Женщинам/Одежда/Брюки/Кожаные брюки
женщина/одежда/брюки/кюлот,Женщинам/Одежда/Брюки/Кюлоты
женщина/одежда/брюки/леггинс,Женщинам/Одежда/Брюки/Леггинсы
женщина/одежда/брюки/повседневный брюки,Женщинам/Одежда/Брюки/Повседневные брюки
женщина/одежда/брюки/спортивный брюки,Женщинам/Одежда/Брюки/Спортивные брюки
женщина/одежда/брюки/тайтс,Женщинам/Одежда/Брюки/Тайтсы
женщина/одежда/брюки/утеплить брюки,Женщинам/Одежда/Брюки/Утепленные брюки
женщина/одежда/верхний одежда/анорак,Женщинам/Одежда/Верхняя одежда/Анораки
женщина/одежда/верхний одежда/бомбер,Женщинам/Одежда/Верхняя одежда/Бомберы
женщина/одежда/верхний одежда/горнолыжный куртка,Женщинам/Одежда/Верхняя одежда/Горнолыжные куртки
женщина/одежда/верхний одежда/демисезонный куртка,Женщинам/Одежда/Верхняя одежда/Демисезонные куртки
женщина/одежда/верхний одежда/джинсовый куртка,Женщинам/Одежда/Верхняя одежда/Джинсовые куртки
женщина/одежда/верхний одежда/жилет/джинсовый жилет,Женщинам/Одежда/Верхняя одежда/Жилеты/Джинсовые жилеты
женщина/одежда/верхний одежда/жилет/кожаный жилет,Женщинам/Одежда/Верхняя одежда/Жилеты/Кожаные жилеты
женщина/одежда/верхний одежда/жилет/меховой жилет,Женщинам/Одежда/Верхняя одежда/Жилеты/Меховые жилеты
женщина/одежда/верхний одежда/жилет/удлинённый жилет,Женщинам/Одежда/Верхняя одежда/Жилеты/Удлиненные жилеты
женщина/одежда/верхний одежда/жилет/утеплить жилет,Женщинам/Одежда/Верхняя одежда/Жилеты/Утепленные жилеты
женщина/одежда/верхний одежда/кожаный куртка,Женщинам/Одежда/Верхняя одежда/Кожаные куртки
женщина/одежда/верхний одежда/косуха,Женщинам/Одежда/Верхняя одежда/Косухи
женщина/одежда/верхний одежда/лёгкий куртка ветровка,Женщинам/Одежда/Верхняя одежда/Легкие куртки и ветровки
женщина/одежда/верхний одежда/пальто/двубортный пальто,Женщинам/Одежда/Верхняя одежда/Пальто/Двубортные пальто
женщина/одежда/верхний одежда/пальто/демисезонный пальто,Женщинам/Одежда/Верхняя одежда/Пальто/Демисезонные пальто
женщина/одежда/верхний одежда/пальто/зимний пальто,Женщинам/Одежда/Верхняя одежда/Пальто/Зимние пальто
женщина/одежда/верхний одежда/пальто/летний пальто,Женщинам/Одежда/Верхняя одежда/Пальто/Летние пальто
женщина/одежда/верхний одежда/парка,Женщинам/Одежда/Верхняя одежда/Парки
женщина/одежда/верхний одежда/плащ тренчать/плащ,Женщинам/Одежда/Верхняя одежда/Плащи и тренчи/Плащи
женщина/одежда/верхний одежда/плащ тренчать/тренчать,Женщинам/Одежда/Верхняя одежда/Плащи и тренчи/Тренчи
женщина/одежда/верхний одежда/пончо кейп,Женщинам/Одежда/Верхняя одежда/Пончо и кейпы
женщина/одежда/верхний одежда/пуховик зимний куртка/зимний куртка,Женщинам/Одежда/Верхняя одежда/Пуховики и зимние куртки/Зимние куртки
женщина/одежда/верхний одежда/пуховик зимний куртка/пуховик,Женщинам/Одежда/Верхняя одежда/Пуховики и зимние куртки/Пуховики
женщина/одежда/верхний одежда/утеплить костюм комбинезон,Женщинам/Одежда/Верхняя одежда/Утепленные костюмы и комбинезоны
женщина/одежда/верхний одежда/шуба дублёнка,Женщинам/Одежда/Верхняя одежда/Шубы и дубленки
женщина/одежда/вязаный костюм,Женщинам/Одежда/Вязаные костюмы
женщина/одежда/джемпер/свитер кардиган/водолазка,Женщинам/Одежда/Джемперы/свитеры и кардиганы/Водолазки
женщина/одежда/джемпер/свитер кардиган/джемпер пуловер/джемпер,Женщинам/Одежда/Джемперы/свитеры и кардиганы/Джемперы и пуловеры/Джемперы
женщина/одежда/джемпер/свитер кардиган/джемпер пуловер/пуловер,Женщинам/Одежда/Джемперы/свитеры и кардиганы/Джемперы и пуловеры/Пуловеры
женщина/одежда/джемпер/свитер кардиган/жилет,Женщинам/Одежда/Джемперы/свитеры и кардиганы/Жилеты
женщина/одежда/джемпер/свитер кардиган/кардиган,Женщинам/Одежда/Джемперы/свитеры и кардиганы/Кардиганы
женщина/одежда/джемпер/свитер кардиган/свитер,Женщинам/Одежда/Джемперы/свитеры и кардиганы/Свитеры
женщина/одежда/джинсы/джеггинс,Женщинам/Одежда/Джинсы/Джеггинсы
женщина/одежда/джинсы/джинсы бойфренд,Женщинам/Одежда/Джинсы/Джинсы-бойфренды
женщина/одежда/джинсы/джинсы мом,Женщинам/Одежда/Джинсы/Джинсы-мом
женщина/одежда/джинсы/прямой джинсы,Женщинам/Одежда/Джинсы/Прямые джинсы
женщина/одежда/джинсы/узкий джинсы,Женщинам/Одежда/Джинсы/Узкие джинсы
женщина/одежда/джинсы/широкий расклёшить джинсы,Женщинам/Одежда/Джинсы/Широкие и расклешенные джинсы
женщина/одежда/домашний одежда/брюки шорты,Женщинам/Одежда/Домашняя одежда/Брюки и шорты
женщина/одежда/домашний одежда/джемпер кардиган,Женщинам/Одежда/Домашняя одежда/Джемперы и кардиганы
женщина/одежда/домашний одежда/комбинезон,Женщинам/Одежда/Домашняя одежда/Комбинезоны
женщина/одежда/домашний одежда/комплект,Женщинам/Одежда/Домашняя одежда/Комплекты
женщина/одежда/домашний одежда/маска сон,Женщинам/Одежда/Домашняя одежда/Маски для сна
женщина/одежда/домашний одежда/ночной сорочка,Женщинам/Одежда/Домашняя одежда/Ночные сорочки
женщина/одежда/домашний одежда/пижама,Женщинам/Одежда/Домашняя одежда/Пижамы
женщина/одежда/домашний одежда/платье,Женщинам/Одежда/Домашняя одежда/Платья
женщина/одежда/домашний одежда/рубашка,Женщинам/Одежда/Домашняя одежда/Рубашки
женщина/одежда/домашний одежда/толстовка свитшота,Женщинам/Одежда/Домашняя одежда/Толстовки и свитшоты
женщина/одежда/домашний одежда/топ майка,Женщинам/Одежда/Домашняя одежда/Топы и майки
женщина/одежда/домашний одежда/футболка лонгслив,Женщинам/Одежда/Домашняя одежда/Футболки и лонгсливы
женщина/одежда/домашний одежда/халат/атласный кружевной халат,Женщинам/Одежда/Домашняя одежда/Халаты/Атласные и кружевные халаты
женщина/одежда/домашний одежда/халат/бархатный халат,Женщинам/Одежда/Домашняя одежда/Халаты/Бархатные халаты
женщина/одежда/домашний одежда/халат/махровый халат,Женщинам/Одежда/Домашняя одежда/Халаты/Махровые халаты
женщина/одежда/домашний одежда/халат/трикотажный халат,Женщинам/Одежда/Домашняя одежда/Халаты/Трикотажные халаты
женщина/одежда/домашний одежда/халат/флисовыя халат,Женщинам/Одежда/Домашняя одежда/Халаты/Флисовые халаты
женщина/одежда/домашний одежда/халат/хлопковый халат,Женщинам/Одежда/Домашняя одежда/Халаты/Хлопковые халаты
женщина/одежда/комбинезон/джинсовый комбинезон,Женщинам/Одежда/Комбинезоны/Джинсовые комбинезоны
женщина/одежда/комбинезон/кигуруметь,Женщинам/Одежда/Комбинезоны/Кигуруми
женщина/одежда/комбинезон/комбинезон брюки,Женщинам/Одежда/Комбинезоны/Комбинезоны с брюками
женщина/одежда/комбинезон/комбинезон шорты,Женщинам/Одежда/Комбинезоны/Комбинезоны с шортами
женщина/одежда/комбинезон/спортивный комбинезон,Женщинам/Одежда/Комбинезоны/Спортивные комбинезоны
женщина/одежда/купальник пляжный одежда/лиф/лиф косточка,Женщинам/Одежда/Купальники и пляжная одежда/Лифы/Лифы на косточках
женщина/одежда/купальник пляжный одежда/лиф/лиф бандо,Женщинам/Одежда/Купальники и пляжная одежда/Лифы/Лифы-бандо
женщина/одежда/купальник пляжный одежда/лиф/лиф бралетта,Женщинам/Одежда/Купальники и пляжная одежда/Лифы/Лифы-бралетт
женщина/одежда/купальник пляжный одежда/лиф/лиф халтереть,Женщинам/Одежда/Купальники и пляжная одежда/Лифы/Лифы-халтер
женщина/одежда/купальник пляжный одежда/лиф/пуш ап лиф,Женщинам/Одежда/Купальники и пляжная одежда/Лифы/Пуш-ап лифы
женщина/одежда/купальник пляжный одежда/парео,Женщинам/Одежда/Купальники и пляжная одежда/Парео
женщина/одежда/купальник пляжный одежда/плавка/бордшорты,Женщинам/Одежда/Купальники и пляжная одежда/Плавки/Бордшорты
женщина/одежда/купальник пляжный одежда/плавка/плавка завязка,Женщинам/Одежда/Купальники и пляжная одежда/Плавки/Плавки на завязках
женщина/одежда/купальник пляжный одежда/плавка/плавка завысить талия,Женщинам/Одежда/Купальники и пляжная одежда/Плавки/Плавки с завышенной талией
женщина/одежда/купальник пляжный одежда/плавка/плавка бразилиан,Женщинам/Одежда/Купальники и пляжная одежда/Плавки/Плавки-бразилиана
женщина/одежда/купальник пляжный одежда/плавка/слип,Женщинам/Одежда/Купальники и пляжная одежда/Плавки/Слипы
женщина/одежда/купальник пляжный одежда/плавка/стринг,Женщинам/Одежда/Купальники и пляжная одежда/Плавки/Стринги
женщина/одежда/купальник пляжный одежда/плавка/шортик,Женщинам/Одежда/Купальники и пляжная одежда/Плавки/Шортики
женщина/одежда/купальник пляжный одежда/пляжный платье туника,Женщинам/Одежда/Купальники и пляжная одежда/Пляжные платья и туники
женщина/одежда/купальник пляжный одежда/раздельный купальник/купальник косточка,Женщинам/Одежда/Купальники и пляжная одежда/Раздельные купальники/Купальники на косточках
женщина/одежда/купальник пляжный одежда/раздельный купальник/купальник бандо,Женщинам/Одежда/Купальники и пляжная одежда/Раздельные купальники/Купальники-бандо
женщина/одежда/купальник пляжный одежда/раздельный купальник/купальник бралетта,Женщинам/Одежда/Купальники и пляжная одежда/Раздельные купальники/Купальники-бралетт
женщина/одежда/купальник пляжный одежда/раздельный купальник/купальник халтереть,Женщинам/Одежда/Купальники и пляжная одежда/Раздельные купальники/Купальники-халтер
женщина/одежда/купальник пляжный одежда/раздельный купальник/пуш ап купальник,Женщинам/Одежда/Купальники и пляжная одежда/Раздельные купальники/Пуш-ап купальники
женщина/одежда/купальник пляжный одежда/слитный купальник монокиня/монокиня,Женщинам/Одежда/Купальники и пляжная одежда/Слитные купальники и монокини/Монокини
женщина/одежда/купальник пляжный одежда/слитный купальник монокиня/слитный купальник,Женщинам/Одежда/Купальники и пляжная одежда/Слитные купальники и монокини/Слитные купальники
женщина/одежда/купальник пляжный одежда/слитный купальник монокиня/спортивный купальник,Женщинам/Одежда/Купальники и пляжная одежда/Слитные купальники и монокини/Спортивные купальники
женщина/одежда/нижний бельё/аксессуар,Женщинам/Одежда/Нижнее белье/Аксессуары
женщина/одежда/нижний бельё/бодить,Женщинам/Одежда/Нижнее белье/Боди
женщина/одежда/нижний бельё/бюстгальтер/бесшовный бюстгальтер,Женщинам/Одежда/Нижнее белье/Бюстгальтеры/Бесшовные бюстгальтеры
женщина/одежда/нижний бельё/бюстгальтер/бюстгальтер косточка,Женщинам/Одежда/Нижнее белье/Бюстгальтеры/Бюстгальтеры без косточек
женщина/одежда/нижний бельё/бюстгальтер/бюстгальтер наполнитель,Женщинам/Одежда/Нижнее белье/Бюстгальтеры/Бюстгальтеры без наполнителя
женщина/одежда/нижний бельё/бюстгальтер/бюстгальтер косточка,Женщинам/Одежда/Нижнее белье/Бюстгальтеры/Бюстгальтеры на косточках
женщина/одежда/нижний бельё/бюстгальтер/бюстгальтер плотный чашечка,Женщинам/Одежда/Нижнее белье/Бюстгальтеры/Бюстгальтеры с плотной чашечкой
женщина/одежда/нижний бельё/бюстгальтер/бюстгальтер балконет,Женщинам/Одежда/Нижнее белье/Бюстгальтеры/Бюстгальтеры-балконет
женщина/одежда/нижний бельё/бюстгальтер/бюстгальтер бандо,Женщинам/Одежда/Нижнее белье/Бюстгальтеры/Бюстгальтеры-бандо
женщина/одежда/нижний бельё/бюстгальтер/бюстгальтер бралетта,Женщинам/Одежда/Нижнее белье/Бюстгальтеры/Бюстгальтеры-бралетт
женщина/одежда/нижний бельё/бюстгальтер/пуш ап бюстгальтер,Женщинам/Одежда/Нижнее белье/Бюстгальтеры/Пуш-ап бюстгальтеры
женщина/одежда/нижний бельё/бюстгальтер/с треугольный чашечка,Женщинам/Одежда/Нижнее белье/Бюстгальтеры/С треугольными чашечками
женщина/одежда/нижний бельё/бюстгальтер/спортивный бюстгальтер,Женщинам/Одежда/Нижнее белье/Бюстгальтеры/Спортивные бюстгальтеры
женщина/одежда/нижний бельё/комбинация,Женщинам/Одежда/Нижнее белье/Комбинации
женщина/одежда/нижний бельё/комплект,Женщинам/Одежда/Нижнее белье/Комплекты
женщина/одежда/нижний бельё/корректировать бельё,Женщинам/Одежда/Нижнее белье/Корректирующее белье
женщина/одежда/нижний бельё/корсет,Женщинам/Одежда/Нижнее белье/Корсеты
женщина/одежда/нижний бельё/пояс чулок,Женщинам/Одежда/Нижнее белье/Пояса для чулок
женщина/одежда/нижний бельё/термобельё,Женщинам/Одежда/Нижнее белье/Термобелье
женщина/одежда/нижний бельё/трус/бесшовный трус,Женщинам/Одежда/Нижнее белье/Трусы/Бесшовные трусы
женщина/одежда/нижний бельё/трус/комплект трус,Женщинам/Одежда/Нижнее белье/Трусы/Комплекты трусов
женщина/одежда/нижний бельё/трус/слип,Женщинам/Одежда/Нижнее белье/Трусы/Слипы
женщина/одежда/нижний бельё/трус/стринг,Женщинам/Одежда/Нижнее белье/Трусы/Стринги
женщина/одежда/нижний бельё/трус/трус бразилиан,Женщинам/Одежда/Нижнее белье/Трусы/Трусы-бразилиана
женщина/одежда/нижний бельё/трус/шортик,Женщинам/Одежда/Нижнее белье/Трусы/Шортики
женщина/одежда/нижний бельё/эротический бельё,Женщинам/Одежда/Нижнее белье/Эротическое белье
женщина/одежда/носка/чулок колготки/гольф гетры,Женщинам/Одежда/Носки/чулки и колготки/Гольфы и гетры
женщина/одежда/носка/чулок колготки/колготки,Женщинам/Одежда/Носки/чулки и колготки/Колготки
женщина/одежда/носка/чулок колготки/короткий носка,Женщинам/Одежда/Носки/чулки и колготки/Короткие носки
женщина/одежда/носка/чулок колготки/носка,Женщинам/Одежда/Носки/чулки и колготки/Носки
женщина/одежда/носка/чулок колготки/чулок,Женщинам/Одежда/Носки/чулки и колготки/Чулки
женщина/одежда/одежда больший размер/блуза рубашка/блуза,Женщинам/Одежда/Одежда больших размеров/Блузы и рубашки/Блузы
женщина/одежда/одежда больший размер/блуза рубашка/джинсовый рубашка,Женщинам/Одежда/Одежда больших размеров/Блузы и рубашки/Джинсовые рубашки
женщина/одежда/одежда больший размер/блуза рубашка/рубашка,Женщинам/Одежда/Одежда больших размеров/Блузы и рубашки/Рубашки
женщина/одежда/одежда больший размер/брюки/бридж капереть,Женщинам/Одежда/Одежда больших размеров/Брюки/Бриджи и капри
женщина/одежда/одежда больший размер/брюки/заузить,Женщинам/Одежда/Одежда больших размеров/Брюки/Зауженные
женщина/одежда/одежда больший размер/брюки/классический,Женщинам/Одежда/Одежда больших размеров/Брюки/Классические
женщина/одежда/одежда больший размер/брюки/леггинс,Женщинам/Одежда/Одежда больших размеров/Брюки/Леггинсы
женщина/одежда/одежда больший размер/брюки/прямой,Женщинам/Одежда/Одежда больших размеров/Брюки/Прямые
женщина/одежда/одежда больший размер/брюки/спортивный,Женщинам/Одежда/Одежда больших размеров/Брюки/Спортивные
женщина/одежда/одежда больший размер/брюки/утеплить,Женщинам/Одежда/Одежда больших размеров/Брюки/Утепленные
женщина/одежда/одежда больший размер/брюки/широкий расклёшить,Женщинам/Одежда/Одежда больших размеров/Брюки/Широкие и расклешенные
женщина/одежда/одежда больший размер/верхний одежда/горнолыжный куртка,Женщинам/Одежда/Одежда больших размеров/Верхняя одежда/Горнолыжные куртки
женщина/одежда/одежда больший размер/верхний одежда/демисезонный куртка,Женщинам/Одежда/Одежда больших размеров/Верхняя одежда/Демисезонные куртки
женщина/одежда/одежда больший размер/верхний одежда/джинсовый куртка,Женщинам/Одежда/Одежда больших размеров/Верхняя одежда/Джинсовые куртки
женщина/одежда/одежда больший размер/верхний одежда/жилет,Женщинам/Одежда/Одежда больших размеров/Верхняя одежда/Жилеты
женщина/одежда/одежда больший размер/верхний одежда/кожаный куртка,Женщинам/Одежда/Одежда больших размеров/Верхняя одежда/Кожаные куртки
женщина/одежда/одежда больший размер/верхний одежда/лёгкий куртка ветровка,Женщинам/Одежда/Одежда больших размеров/Верхняя одежда/Легкие куртки и ветровки
женщина/одежда/одежда больший размер/верхний одежда/накидка пончо,Женщинам/Одежда/Одежда больших размеров/Верхняя одежда/Накидки и пончо
женщина/одежда/одежда больший размер/верхний одежда/пальто,Женщинам/Одежда/Одежда больших размеров/Верхняя одежда/Пальто
женщина/одежда/одежда больший размер/верхний одежда/парка,Женщинам/Одежда/Одежда больших размеров/Верхняя одежда/Парки
женщина/одежда/одежда больший размер/верхний одежда/плащ тренчкот,Женщинам/Одежда/Одежда больших размеров/Верхняя одежда/Плащи и тренчкоты
женщина/одежда/одежда больший размер/верхний одежда/пуховик зимний куртка,Женщинам/Одежда/Одежда больших размеров/Верхняя одежда/Пуховики и зимние куртки
женщина/одежда/одежда больший размер/верхний одежда/шуба дублёнка,Женщинам/Одежда/Одежда больших размеров/Верхняя одежда/Шубы и дубленки
женщина/одежда/одежда больший размер/джемпер кардиган,Женщинам/Одежда/Одежда больших размеров/Джемперы и кардиганы
женщина/одежда/одежда больший размер/джинсы,Женщинам/Одежда/Одежда больших размеров/Джинсы
женщина/одежда/одежда больший размер/домашний одежда,Женщинам/Одежда/Одежда больших размеров/Домашняя одежда
женщина/одежда/одежда больший размер/жилет,Женщинам/Одежда/Одежда больших размеров/Жилеты
женщина/одежда/одежда больший размер/комбинезон,Женщинам/Одежда/Одежда больших размеров/Комбинезоны
женщина/одежда/одежда больший размер/купальник парео,Женщинам/Одежда/Одежда больших размеров/Купальники и парео
женщина/одежда/одежда больший размер/нижний бельё/бодить,Женщинам/Одежда/Одежда больших размеров/Нижнее белье/Боди
женщина/одежда/одежда больший размер/нижний бельё/бюстгальтер,Женщинам/Одежда/Одежда больших размеров/Нижнее белье/Бюстгальтеры
женщина/одежда/одежда больший размер/нижний бельё/комбинация,Женщинам/Одежда/Одежда больших размеров/Нижнее белье/Комбинации
женщина/одежда/одежда больший размер/нижний бельё/комплект,Женщинам/Одежда/Одежда больших размеров/Нижнее белье/Комплекты
женщина/одежда/одежда больший размер/нижний бельё/корректировать,Женщинам/Одежда/Одежда больших размеров/Нижнее белье/Корректирующее
женщина/одежда/одежда больший размер/нижний бельё/корсет,Женщинам/Одежда/Одежда больших размеров/Нижнее белье/Корсеты
женщина/одежда/одежда больший размер/нижний бельё/пояс чулок,Женщинам/Одежда/Одежда больших размеров/Нижнее белье/Пояса для чулок
женщина/одежда/одежда больший размер/нижний бельё/термобельё,Женщинам/Одежда/Одежда больших размеров/Нижнее белье/Термобелье
женщина/одежда/одежда больший размер/нижний бельё/трус,Женщинам/Одежда/Одежда больших размеров/Нижнее белье/Трусы
женщина/одежда/одежда больший размер/нижний бельё/эротический,Женщинам/Одежда/Одежда больших размеров/Нижнее белье/Эротическое
женщина/одежда/одежда больший размер/пиджак костюм,Женщинам/Одежда/Одежда больших размеров/Пиджаки и костюмы
женщина/одежда/одежда больший размер/платье сарафан/вечерний платье,Женщинам/Одежда/Одежда больших размеров/Платья и сарафаны/Вечерние платья
женщина/одежда/одежда больший размер/платье сарафан/джинсовый платье,Женщинам/Одежда/Одежда больших размеров/Платья и сарафаны/Джинсовые платья
женщина/одежда/одежда больший размер/платье сарафан/кожаный платье,Женщинам/Одежда/Одежда больших размеров/Платья и сарафаны/Кожаные платья
женщина/одежда/одежда больший размер/платье сарафан/платье запах,Женщинам/Одежда/Одежда больших размеров/Платья и сарафаны/Платья с запахом
женщина/одежда/одежда больший размер/платье сарафан/платье спустить плечо,Женщинам/Одежда/Одежда больших размеров/Платья и сарафаны/Платья со спущенными плечами
женщина/одежда/одежда больший размер/платье сарафан/платье комбинация,Женщинам/Одежда/Одежда больших размеров/Платья и сарафаны/Платья-комбинации
женщина/одежда/одежда больший размер/платье сарафан/платье майка,Женщинам/Одежда/Одежда больших размеров/Платья и сарафаны/Платья-майки
женщина/одежда/одежда больший размер/платье сарафан/платье пиджак,Женщинам/Одежда/Одежда больших размеров/Платья и сарафаны/Платья-пиджаки
женщина/одежда/одежда больший размер/платье сарафан/платье рубашка,Женщинам/Одежда/Одежда больших размеров/Платья и сарафаны/Платья-рубашки
женщина/одежда/одежда больший размер/платье сарафан/платье свитер,Женщинам/Одежда/Одежда больших размеров/Платья и сарафаны/Платья-свитеры
женщина/одежда/одежда больший размер/платье сарафан/платье толстовка,Женщинам/Одежда/Одежда больших размеров/Платья и сарафаны/Платья-толстовки
женщина/одежда/одежда больший размер/платье сарафан/платье футболка,Женщинам/Одежда/Одежда больших размеров/Платья и сарафаны/Платья-футболки
женщина/одежда/одежда больший размер/платье сарафан/платье футляр,Женщинам/Одежда/Одежда больших размеров/Платья и сарафаны/Платья-футляр
женщина/одежда/одежда больший размер/платье сарафан/повседневный платье,Женщинам/Одежда/Одежда больших размеров/Платья и сарафаны/Повседневные платья
женщина/одежда/одежда больший размер/платье сарафан/сарафан,Женщинам/Одежда/Одежда больших размеров/Платья и сарафаны/Сарафаны
женщина/одежда/одежда больший размер/платье сарафан/свадебный платье,Женщинам/Одежда/Одежда больших размеров/Платья и сарафаны/Свадебные платья
женщина/одежда/одежда больший размер/спортивный костюм,Женщинам/Одежда/Одежда больших размеров/Спортивные костюмы
женщина/одежда/одежда больший размер/толстовка олимпийка,Женщинам/Одежда/Одежда больших размеров/Толстовки и олимпийки
женщина/одежда/одежда больший размер/топ майка,Женщинам/Одежда/Одежда больших размеров/Топы и майки
женщина/одежда/одежда больший размер/футболка,Женщинам/Одежда/Одежда больших размеров/Футболки
женщина/одежда/одежда больший размер/шорты,Женщинам/Одежда/Одежда больших размеров/Шорты
женщина/одежда/одежда больший размер/юбка,Женщинам/Одежда/Одежда больших размеров/Юбки
женщина/одежда/одежда беременная/блуза рубашка,Женщинам/Одежда/Одежда для беременных/Блузы и рубашки
женщина/одежда/одежда беременная/брюки комбинезон,Женщинам/Одежда/Одежда для беременных/Брюки и комбинезоны
женщина/одежда/одежда беременная/верхний одежда,Женщинам/Одежда/Одежда для беременных/Верхняя одежда
женщина/одежда/одежда беременная/джемпер кардиган,Женщинам/Одежда/Одежда для беременных/Джемперы и кардиганы
женщина/одежда/одежда беременная/джинсы,Женщинам/Одежда/Одежда для беременных/Джинсы
женщина/одежда/одежда беременная/домашний одежда,Женщинам/Одежда/Одежда для беременных/Домашняя одежда
женщина/одежда/одежда беременная/колготки,Женщинам/Одежда/Одежда для беременных/Колготки
женщина/одежда/одежда беременная/костюм жакет,Женщинам/Одежда/Одежда для беременных/Костюмы и жакеты
женщина/одежда/одежда беременная/купальник пляжный одежда,Женщинам/Одежда/Одежда для беременных/Купальники и пляжная одежда
женщина/одежда/одежда беременная/нижний бельё/бандаж,Женщинам/Одежда/Одежда для беременных/Нижнее белье/Бандажи
женщина/одежда/одежда беременная/нижний бельё/бюстгальтер,Женщинам/Одежда/Одежда для беременных/Нижнее белье/Бюстгальтеры
женщина/одежда/одежда беременная/нижний бельё/трус,Женщинам/Одежда/Одежда для беременных/Нижнее белье/Трусы
женщина/одежда/одежда беременная/платье,Женщинам/Одежда/Одежда для беременных/Платья
женщина/одежда/одежда беременная/толстовка олимпийка,Женщинам/Одежда/Одежда для беременных/Толстовки и олимпийки
женщина/одежда/одежда беременная/топ майка,Женщинам/Одежда/Одежда для беременных/Топы и майки
женщина/одежда/одежда беременная/футболка полый,Женщинам/Одежда/Одежда для беременных/Футболки и поло
женщина/одежда/одежда беременная/юбка,Женщинам/Одежда/Одежда для беременных/Юбки
женщина/одежда/пиджак костюм/болеро,Женщинам/Одежда/Пиджаки и костюмы/Болеро
женщина/одежда/пиджак костюм/жакет,Женщинам/Одежда/Пиджаки и костюмы/Жакеты
женщина/одежда/пиджак костюм/жилет,Женщинам/Одежда/Пиджаки и костюмы/Жилеты
женщина/одежда/пиджак костюм/кимоно,Женщинам/Одежда/Пиджаки и костюмы/Кимоно
женщина/одежда/пиджак костюм/костюм брюки,Женщинам/Одежда/Пиджаки и костюмы/Костюмы с брюками
женщина/одежда/пиджак костюм/костюм шорты,Женщинам/Одежда/Пиджаки и костюмы/Костюмы с шортами
женщина/одежда/пиджак костюм/костюм юбка,Женщинам/Одежда/Пиджаки и костюмы/Костюмы с юбкой
женщина/одежда/пиджак костюм/пиджак,Женщинам/Одежда/Пиджаки и костюмы/Пиджаки
женщина/одежда/платье сарафан/вечерний платье,Женщинам/Одежда/Платья и сарафаны/Вечерние платья
женщина/одежда/платье сарафан/джинсовый платье,Женщинам/Одежда/Платья и сарафаны/Джинсовые платья
женщина/одежда/платье сарафан/кожаный платье,Женщинам/Одежда/Платья и сарафаны/Кожаные платья
женщина/одежда/платье сарафан/платье запах,Женщинам/Одежда/Платья и сарафаны/Платья с запахом
женщина/одежда/платье сарафан/платье спустить плечо,Женщинам/Одежда/Платья и сарафаны/Платья со спущенными плечами
женщина/одежда/платье сарафан/платье комбинация,Женщинам/Одежда/Платья и сарафаны/Платья-комбинации
женщина/одежда/платье сарафан/платье майка,Женщинам/Одежда/Платья и сарафаны/Платья-майки
женщина/одежда/платье сарафан/платье пиджак,Женщинам/Одежда/Платья и сарафаны/Платья-пиджаки
женщина/одежда/платье сарафан/платье рубашка,Женщинам/Одежда/Платья и сарафаны/Платья-рубашки
женщина/одежда/платье сарафан/платье свитер,Женщинам/Одежда/Платья и сарафаны/Платья-свитеры
женщина/одежда/платье сарафан/платье толстовка,Женщинам/Одежда/Платья и сарафаны/Платья-толстовки
женщина/одежда/платье сарафан/платье футболка,Женщинам/Одежда/Платья и сарафаны/Платья-футболки
женщина/одежда/платье сарафан/платье футляр,Женщинам/Одежда/Платья и сарафаны/Платья-футляр
женщина/одежда/платье сарафан/повседневный платье,Женщинам/Одежда/Платья и сарафаны/Повседневные платья
женщина/одежда/платье сарафан/сарафан,Женщинам/Одежда/Платья и сарафаны/Сарафаны
женщина/одежда/платье сарафан/свадебный платье,Женщинам/Одежда/Платья и сарафаны/Свадебные платья
женщина/одежда/спортивный костюм,Женщинам/Одежда/Спортивные костюмы
женщина/одежда/толстовка свитшота/олимпийка,Женщинам/Одежда/Толстовки и свитшоты/Олимпийки
женщина/одежда/толстовка свитшота/свитшота,Женщинам/Одежда/Толстовки и свитшоты/Свитшоты
женщина/одежда/толстовка свитшота/толстовка,Женщинам/Одежда/Толстовки и свитшоты/Толстовки
женщина/одежда/толстовка свитшота/флиски,Женщинам/Одежда/Толстовки и свитшоты/Флиски
женщина/одежда/толстовка свитшота/худить,Женщинам/Одежда/Толстовки и свитшоты/Худи
женщина/одежда/топ майка/вязаный топ,Женщинам/Одежда/Топы и майки/Вязаные топы
женщина/одежда/топ майка/кроп топ,Женщинам/Одежда/Топы и майки/Кроп-топы
женщина/одежда/топ майка/майка,Женщинам/Одежда/Топы и майки/Майки
женщина/одежда/топ майка/спортивный майка,Женщинам/Одежда/Топы и майки/Спортивные майки
женщина/одежда/топ майка/спортивный топ,Женщинам/Одежда/Топы и майки/Спортивные топы
женщина/одежда/топ майка/топ бельевой стиль,Женщинам/Одежда/Топы и майки/Топы в бельевом стиле
женщина/одежда/топ майка/топ бретель,Женщинам/Одежда/Топы и майки/Топы на бретелях
женщина/одежда/топ майка/топ баска,Женщинам/Одежда/Топы и майки/Топы с баской
женщина/одежда/топ майка/топ свободный крой,Женщинам/Одежда/Топы и майки/Топы свободного кроя
женщина/одежда/топ майка/топ спустить плечо,Женщинам/Одежда/Топы и майки/Топы со спущенными плечами
женщина/одежда/туника,Женщинам/Одежда/Туники
женщина/одежда/уход одежда,Женщинам/Одежда/Уход за одеждой
женщина/одежда/футболка полый/комплект,Женщинам/Одежда/Футболки и поло/Комплекты
женщина/одежда/футболка полый/лонгслив,Женщинам/Одежда/Футболки и поло/Лонгсливы
женщина/одежда/футболка полый/полый,Женщинам/Одежда/Футболки и поло/Поло
женщина/одежда/футболка полый/спортивный футболка лонгслив,Женщинам/Одежда/Футболки и поло/Спортивные футболки и лонгсливы
женщина/одежда/футболка полый/футболка,Женщинам/Одежда/Футболки и поло/Футболки
женщина/одежда/шорты/джинсовый шорты,Женщинам/Одежда/Шорты/Джинсовые шорты
женщина/одежда/шорты/повседневный шорты,Женщинам/Одежда/Шорты/Повседневные шорты
женщина/одежда/шорты/спортивный шорты,Женщинам/Одежда/Шорты/Спортивные шорты
женщина/одежда/юбка/джинсовый юбка,Женщинам/Одежда/Юбки/Джинсовые юбки
женщина/одежда/юбка/кожаный юбка,Женщинам/Одежда/Юбки/Кожаные юбки
женщина/одежда/юбка/плиссированный юбка,Женщинам/Одежда/Юбки/Плиссированные юбки
женщина/одежда/юбка/прямой юбка,Женщинам/Одежда/Юбки/Прямые юбки
женщина/одежда/юбка/узкий юбка,Женщинам/Одежда/Юбки/Узкие юбки
женщина/одежда/юбка/юбка трапеция широкий,Женщинам/Одежда/Юбки/Юбки-трапеции и широкие
женщина/одежда/юбка/юбка шорты,Женщинам/Одежда/Юбки/Юбки-шорты
лыжный куртка/девочка/спорт/одежда/куртка жилет/куртка/ребёнок,Лыжные куртки/Девочкам/Спорт/Одежда/Куртки и жилеты/Куртки/Детям
лыжный куртка/мальчик/спорт/одежда/куртка жилет/куртка/ребёнок,Лыжные куртки/Мальчикам/Спорт/Одежда/Куртки и жилеты/Куртки/Детям
мужчина/аксессуар/галстук запонка/бабочка,Мужчинам/Аксессуары/Галстуки и запонки/Бабочки
мужчина/аксессуар/галстук запонка/галстук,Мужчинам/Аксессуары/Галстуки и запонки/Галстуки
мужчина/аксессуар/галстук запонка/зажим галстук,Мужчинам/Аксессуары/Галстуки и запонки/Зажимы для галстуков
мужчина/аксессуар/галстук запонка/запонка,Мужчинам/Аксессуары/Галстуки и запонки/Запонки
мужчина/аксессуар/галстук запонка/нагрудный платок,Мужчинам/Аксессуары/Галстуки и запонки/Нагрудные платки
мужчина/аксессуар/головной убор/балаклава,Мужчинам/Аксессуары/Головные уборы/Балаклавы
мужчина/аксессуар/головной убор/бейсболка,Мужчинам/Аксессуары/Головные уборы/Бейсболки
мужчина/аксессуар/головной убор/кепка,Мужчинам/Аксессуары/Головные уборы/Кепки
мужчина/аксессуар/головной убор/комплект,Мужчинам/Аксессуары/Головные уборы/Комплекты
мужчина/аксессуар/головной убор/панама,Мужчинам/Аксессуары/Головные уборы/Панамы
мужчина/аксессуар/головной убор/повязка,Мужчинам/Аксессуары/Головные уборы/Повязки
мужчина/аксессуар/головной убор/шапка,Мужчинам/Аксессуары/Головные уборы/Шапки
мужчина/аксессуар/головной убор/шляпа,Мужчинам/Аксессуары/Головные уборы/Шляпы
мужчина/аксессуар/защитный маска,Мужчинам/Аксессуары/Защитные маски
мужчина/аксессуар/зонт,Мужчинам/Аксессуары/Зонты
мужчина/аксессуар/канцелярский товар/аксессуар письмо,Мужчинам/Аксессуары/Канцелярские товары/Аксессуары для письма
мужчина/аксессуар/канцелярский товар/блокнот тетрадь,Мужчинам/Аксессуары/Канцелярские товары/Блокноты и тетради
мужчина/аксессуар/канцелярский товар/ежедневник,Мужчинам/Аксессуары/Канцелярские товары/Ежедневники
мужчина/аксессуар/канцелярский товар/карандаш ручка,Мужчинам/Аксессуары/Канцелярские товары/Карандаши и ручки
мужчина/аксессуар/ключница брелок,Мужчинам/Аксессуары/Ключницы и брелоки
мужчина/аксессуар/кошелёк визитница/визитница,Мужчинам/Аксессуары/Кошельки и визитницы/Визитницы
мужчина/аксессуар/кошелёк визитница/зажим купюра,Мужчинам/Аксессуары/Кошельки и визитницы/Зажимы для купюр
мужчина/аксессуар/кошелёк визитница/кошелёк,Мужчинам/Аксессуары/Кошельки и визитницы/Кошельки
мужчина/аксессуар/обложка документ,Мужчинам/Аксессуары/Обложки для документов
мужчина/аксессуар/очки/оправа/квадратный оправа,Мужчинам/Аксессуары/Очки/Оправы/Квадратные оправы
мужчина/аксессуар/очки/оправа/круглый оправа,Мужчинам/Аксессуары/Очки/Оправы/Круглые оправы
мужчина/аксессуар/очки/солнцезащитный очки/авиатор пилот,Мужчинам/Аксессуары/Очки/Солнцезащитные очки/Авиаторы и пилоты
мужчина/аксессуар/очки/солнцезащитный очки/квадратный очки,Мужчинам/Аксессуары/Очки/Солнцезащитные очки/Квадратные очки
мужчина/аксессуар/очки/солнцезащитный очки/круглый очки,Мужчинам/Аксессуары/Очки/Солнцезащитные очки/Круглые очки
мужчина/аксессуар/очки/солнцезащитный очки/спортивный очки,Мужчинам/Аксессуары/Очки/Солнцезащитные очки/Спортивные очки
мужчина/аксессуар/очки/футляр очко,Мужчинам/Аксессуары/Очки/Футляры для очков
мужчина/аксессуар/перчатка варежка/варежка,Мужчинам/Аксессуары/Перчатки и варежки/Варежки
мужчина/аксессуар/перчатка варежка/перчатка/кожаный перчатка,Мужчинам/Аксессуары/Перчатки и варежки/Перчатки/Кожаные перчатки
мужчина/аксессуар/перчатка варежка/перчатка/текстильный перчатка,Мужчинам/Аксессуары/Перчатки и варежки/Перчатки/Текстильные перчатки
мужчина/аксессуар/перчатка варежка/спортивный перчатка,Мужчинам/Аксессуары/Перчатки и варежки/Спортивные перчатки
мужчина/аксессуар/ремень подтяжка/подтяжка,Мужчинам/Аксессуары/Ремни и подтяжки/Подтяжки
мужчина/аксессуар/ремень подтяжка/ремень,Мужчинам/Аксессуары/Ремни и подтяжки/Ремни
мужчина/аксессуар/рюкзак/мешок,Мужчинам/Аксессуары/Рюкзаки/Мешки
мужчина/аксессуар/рюкзак/рюкзак,Мужчинам/Аксессуары/Рюкзаки/Рюкзаки
мужчина/аксессуар/сумка/несессер,Мужчинам/Аксессуары/Сумки/Несессеры
мужчина/аксессуар/сумка/папка,Мужчинам/Аксессуары/Сумки/Папки
мужчина/аксессуар/сумка/портфель,Мужчинам/Аксессуары/Сумки/Портфели
мужчина/аксессуар/сумка/поясной сумка,Мужчинам/Аксессуары/Сумки/Поясные сумки
мужчина/аксессуар/сумка/спортивный сумка,Мужчинам/Аксессуары/Сумки/Спортивные сумки
мужчина/аксессуар/сумка/сумка ручка,Мужчинам/Аксессуары/Сумки/Сумки с ручками
мужчина/аксессуар/сумка/сумка плечо,Мужчинам/Аксессуары/Сумки/Сумки через плечо
мужчина/аксессуар/украшение/браслет,Мужчинам/Аксессуары/Украшения/Браслеты
мужчина/аксессуар/украшение/кольцо перстень,Мужчинам/Аксессуары/Украшения/Кольца и перстни
мужчина/аксессуар/украшение/цепь подвеска,Мужчинам/Аксессуары/Украшения/Цепи и подвески
мужчина/аксессуар/часы/часы стрелка,Мужчинам/Аксессуары/Часы/Часы со стрелками
мужчина/аксессуар/часы/электронный часы,Мужчинам/Аксессуары/Часы/Электронные часы
мужчина/аксессуар/чемодан дорожный сумка/аксессуар,Мужчинам/Аксессуары/Чемоданы и дорожные сумки/Аксессуары
мужчина/аксессуар/чемодан дорожный сумка/дорожный сумка,Мужчинам/Аксессуары/Чемоданы и дорожные сумки/Дорожные сумки
мужчина/аксессуар/чемодан дорожный сумка/чемодан,Мужчинам/Аксессуары/Чемоданы и дорожные сумки/Чемоданы
мужчина/аксессуар/чехол телефон ноутбук/чехол ноутбук,Мужчинам/Аксессуары/Чехлы для телефона и ноутбука/Чехлы для ноутбука
мужчина/аксессуар/чехол телефон ноутбук/чехол планшет,Мужчинам/Аксессуары/Чехлы для телефона и ноутбука/Чехлы для планшета
мужчина/аксессуар/чехол телефон ноутбук/чехол телефон,Мужчинам/Аксессуары/Чехлы для телефона и ноутбука/Чехлы для телефона
мужчина/аксессуар/шарф платок/платок,Мужчинам/Аксессуары/Шарфы и платки/Платки
мужчина/аксессуар/шарф платок/снуда,Мужчинам/Аксессуары/Шарфы и платки/Снуды
мужчина/аксессуар/шарф платок/шарф,Мужчинам/Аксессуары/Шарфы и платки/Шарфы
мужчина/красота/антисептик,Мужчинам/Красота/Антисептики
мужчина/красота/волос/бальзам маска,Мужчинам/Красота/Волосы/Бальзамы и маски
мужчина/красота/волос/расчёска,Мужчинам/Красота/Волосы/Расчески
мужчина/красота/волос/средство окрашивание,Мужчинам/Красота/Волосы/Средства для окрашивания
мужчина/красота/волос/средство укладка,Мужчинам/Красота/Волосы/Средства для укладки
мужчина/красота/волос/шампунь,Мужчинам/Красота/Волосы/Шампуни
мужчина/красота/лечебный косметика,Мужчинам/Красота/Лечебная косметика
мужчина/красота/лицо/бальзам губа,Мужчинам/Красота/Лицо/Бальзамы для губ
мужчина/красота/лицо/зеркало,Мужчинам/Красота/Лицо/Зеркала
мужчина/красота/лицо/крем,Мужчинам/Красота/Лицо/Кремы
мужчина/красота/лицо/маска,Мужчинам/Красота/Лицо/Маски
мужчина/красота/лицо/массажёр аппарат,Мужчинам/Красота/Лицо/Массажеры и аппараты
мужчина/красота/лицо/пилинг скраб,Мужчинам/Красота/Лицо/Пилинги и скрабы
мужчина/красота/лицо/спонж,Мужчинам/Красота/Лицо/Спонжи
мужчина/красота/лицо/средство умывание,Мужчинам/Красота/Лицо/Средства для умывания
мужчина/красота/лицо/тоник лосьон,Мужчинам/Красота/Лицо/Тоники и лосьоны
мужчина/красота/маникюр педикюр,Мужчинам/Красота/Маникюр и педикюр
мужчина/красота/набор,Мужчинам/Красота/Наборы
мужчина/красота/парфюмерия/дух парфюмерный вода,Мужчинам/Красота/Парфюмерия/Духи и парфюмерная вода
мужчина/красота/парфюмерия/набор,Мужчинам/Красота/Парфюмерия/Наборы
мужчина/красота/парфюмерия/селективный парфюмерия,Мужчинам/Красота/Парфюмерия/Селективная парфюмерия
мужчина/красота/парфюмерия/туалетный вода одеколон,Мужчинам/Красота/Парфюмерия/Туалетная вода и одеколон
мужчина/красота/солнцезащитный средство автозагар,Мужчинам/Красота/Солнцезащитные средства и автозагары
мужчина/красота/стрижка бритьё/бритва,Мужчинам/Красота/Стрижка и бритье/Бритвы
мужчина/красота/стрижка бритьё/машинка триммер,Мужчинам/Красота/Стрижка и бритье/Машинки и триммеры
мужчина/красота/стрижка бритьё/ножницы,Мужчинам/Красота/Стрижка и бритье/Ножницы
мужчина/красота/стрижка бритьё/средство борода усов,Мужчинам/Красота/Стрижка и бритье/Средства для бороды и усов
мужчина/красота/стрижка бритьё/средство бритьё,Мужчинам/Красота/Стрижка и бритье/Средства для бритья
мужчина/красота/стрижка бритьё/средство бритьё,Мужчинам/Красота/Стрижка и бритье/Средства после бритья
мужчина/красота/тело/гель душа,Мужчинам/Красота/Тело/Гели для душа
мужчина/красота/тело/дезодорант,Мужчинам/Красота/Тело/Дезодоранты
мужчина/красота/тело/маска тело,Мужчинам/Красота/Тело/Маски для тела
мужчина/красота/тело/масло,Мужчинам/Красота/Тело/Масла
мужчина/красота/тело/массажёр аппарат,Мужчинам/Красота/Тело/Массажеры и аппараты
мужчина/красота/тело/мочалка,Мужчинам/Красота/Тело/Мочалки
мужчина/красота/тело/мыло,Мужчинам/Красота/Тело/Мыло
мужчина/красота/тело/скраб,Мужчинам/Красота/Тело/Скрабы
мужчина/красота/тело/соль ванна,Мужчинам/Красота/Тело/Соли для ванн
мужчина/красота/тело/средство нога,Мужчинам/Красота/Тело/Средства для ног
мужчина/красота/тело/средство рука,Мужчинам/Красота/Тело/Средства для рук
мужчина/красота/уход полость рот/зубной паста,Мужчинам/Красота/Уход за полостью рта/Зубные пасты
мужчина/красота/уход полость рот/зубной щётка,Мужчинам/Красота/Уход за полостью рта/Зубные щетки
мужчина/обувь/ботинок/высокий ботинок,Мужчинам/Обувь/Ботинки/Высокие ботинки
мужчина/обувь/ботинок/дезерот,Мужчинам/Обувь/Ботинки/Дезерты
мужчина/обувь/ботинок/низкий ботинок,Мужчинам/Обувь/Ботинки/Низкие ботинки
мужчина/обувь/ботинок/тимберленд др,Мужчинам/Обувь/Ботинки/Тимберленды и др.
мужчина/обувь/ботинок/трекинговый ботинок,Мужчинам/Обувь/Ботинки/Трекинговые ботинки
мужчина/обувь/ботинок/челси,Мужчинам/Обувь/Ботинки/Челси
мужчина/обувь/домашний обувь,Мужчинам/Обувь/Домашняя обувь
мужчина/обувь/кроссовок кед/бутсы/бутсы,Мужчинам/Обувь/Кроссовки и кеды/Бутсы/Бутсы
мужчина/обувь/кроссовок кед/бутсы/зальный бутсы,Мужчинам/Обувь/Кроссовки и кеды/Бутсы/Зальные бутсы
мужчина/обувь/кроссовок кед/бутсы/шиповка,Мужчинам/Обувь/Кроссовки и кеды/Бутсы/Шиповки
мужчина/обувь/кроссовок кед/кед/высокий кед,Мужчинам/Обувь/Кроссовки и кеды/Кеды/Высокие кеды
мужчина/обувь/кроссовок кед/кед/низкий кед,Мужчинам/Обувь/Кроссовки и кеды/Кеды/Низкие кеды
мужчина/обувь/кроссовок кед/кроссовок/высокий кроссовок,Мужчинам/Обувь/Кроссовки и кеды/Кроссовки/Высокие кроссовки
мужчина/обувь/кроссовок кед/кроссовок/низкий кроссовок,Мужчинам/Обувь/Кроссовки и кеды/Кроссовки/Низкие кроссовки
мужчина/обувь/мокасин топсайдер/мокасин,Мужчинам/Обувь/Мокасины и топсайдеры/Мокасины
мужчина/обувь/мокасин топсайдер/топсайдер,Мужчинам/Обувь/Мокасины и топсайдеры/Топсайдеры
мужчина/обувь/резиновый обувь/акваобувь,Мужчинам/Обувь/Резиновая обувь/Акваобувь
мужчина/обувь/резиновый обувь/галоша,Мужчинам/Обувь/Резиновая обувь/Галоши
мужчина/обувь/резиновый обувь/крокс др,Мужчинам/Обувь/Резиновая обувь/Кроксы и др.
мужчина/обувь/резиновый обувь/полусапог,Мужчинам/Обувь/Резиновая обувь/Полусапоги
мужчина/обувь/резиновый обувь/сандалия,Мужчинам/Обувь/Резиновая обувь/Сандалии
мужчина/обувь/резиновый обувь/сапог,Мужчинам/Обувь/Резиновая обувь/Сапоги
мужчина/обувь/резиновый обувь/сланец,Мужчинам/Обувь/Резиновая обувь/Сланцы
мужчина/обувь/сандалия,Мужчинам/Обувь/Сандалии
мужчина/обувь/сапог/дутик луноход,Мужчинам/Обувь/Сапоги/Дутики и луноходы
мужчина/обувь/сапог/сапог,Мужчинам/Обувь/Сапоги/Сапоги
мужчина/обувь/сапог/угга унт,Мужчинам/Обувь/Сапоги/Угги и унты
мужчина/обувь/слипон,Мужчинам/Обувь/Слипоны
мужчина/обувь/туфля/дерби,Мужчинам/Обувь/Туфли/Дерби
мужчина/обувь/туфля/лофер,Мужчинам/Обувь/Туфли/Лоферы
мужчина/обувь/туфля/монка,Мужчинам/Обувь/Туфли/Монки
мужчина/обувь/туфля/оксфорд,Мужчинам/Обувь/Туфли/Оксфорды
мужчина/обувь/уход обувь,Мужчинам/Обувь/Уход за обувью
мужчина/обувь/шнурок,Мужчинам/Обувь/Шнурки
мужчина/обувь/эспадрилья,Мужчинам/Обувь/Эспадрильи
мужчина/одежда/брюки/горнолыжный брюки,Мужчинам/Одежда/Брюки/Горнолыжные брюки
мужчина/одежда/брюки/джоггера,Мужчинам/Одежда/Брюки/Джоггеры
мужчина/одежда/брюки/заузить брюки,Мужчинам/Одежда/Брюки/Зауженные брюки
мужчина/одежда/брюки/карго,Мужчинам/Одежда/Брюки/Карго
мужчина/одежда/брюки/классический брюки,Мужчинам/Одежда/Брюки/Классические брюки
мужчина/одежда/брюки/повседневный брюки,Мужчинам/Одежда/Брюки/Повседневные брюки
мужчина/одежда/брюки/прямой брюки,Мужчинам/Одежда/Брюки/Прямые брюки
мужчина/одежда/брюки/спортивный брюки,Мужчинам/Одежда/Брюки/Спортивные брюки
мужчина/одежда/брюки/тайтс,Мужчинам/Одежда/Брюки/Тайтсы
мужчина/одежда/брюки/утеплить брюки,Мужчинам/Одежда/Брюки/Утепленные брюки
мужчина/одежда/брюки/чинос,Мужчинам/Одежда/Брюки/Чиносы
мужчина/одежда/верхний одежда/анорак,Мужчинам/Одежда/Верхняя одежда/Анораки
мужчина/одежда/верхний одежда/бомбер,Мужчинам/Одежда/Верхняя одежда/Бомберы
мужчина/одежда/верхний одежда/горнолыжный куртка,Мужчинам/Одежда/Верхняя одежда/Горнолыжные куртки
мужчина/одежда/верхний одежда/демисезонный куртка,Мужчинам/Одежда/Верхняя одежда/Демисезонные куртки
мужчина/одежда/верхний одежда/джинсовый куртка,Мужчинам/Одежда/Верхняя одежда/Джинсовые куртки
мужчина/одежда/верхний одежда/жилет/джинсовый жилет,Мужчинам/Одежда/Верхняя одежда/Жилеты/Джинсовые жилеты
мужчина/одежда/верхний одежда/жилет/утеплить жилет,Мужчинам/Одежда/Верхняя одежда/Жилеты/Утепленные жилеты
мужчина/одежда/верхний одежда/кожаный куртка,Мужчинам/Одежда/Верхняя одежда/Кожаные куртки
мужчина/одежда/верхний одежда/косуха,Мужчинам/Одежда/Верхняя одежда/Косухи
мужчина/одежда/верхний одежда/лёгкий куртка ветровка,Мужчинам/Одежда/Верхняя одежда/Легкие куртки и ветровки
мужчина/одежда/верхний одежда/пальто,Мужчинам/Одежда/Верхняя одежда/Пальто
мужчина/одежда/верхний одежда/парка,Мужчинам/Одежда/Верхняя одежда/Парки
мужчина/одежда/верхний одежда/плащ,Мужчинам/Одежда/Верхняя одежда/Плащи
мужчина/одежда/верхний одежда/пуховик зимний куртка/зимний куртка,Мужчинам/Одежда/Верхняя одежда/Пуховики и зимние куртки/Зимние куртки
мужчина/одежда/верхний одежда/пуховик зимний куртка/пуховик,Мужчинам/Одежда/Верхняя одежда/Пуховики и зимние куртки/Пуховики
мужчина/одежда/верхний одежда/утеплить костюм комбинезон,Мужчинам/Одежда/Верхняя одежда/Утепленные костюмы и комбинезоны
мужчина/одежда/верхний одежда/шуба дублёнка,Мужчинам/Одежда/Верхняя одежда/Шубы и дубленки
мужчина/одежда/джемпер/свитер кардиган/водолазка,Мужчинам/Одежда/Джемперы/свитеры и кардиганы/Водолазки
мужчина/одежда/джемпер/свитер кардиган/джемпер пуловер/джемпер,Мужчинам/Одежда/Джемперы/свитеры и кардиганы/Джемперы и пуловеры/Джемперы
мужчина/одежда/джемпер/свитер кардиган/джемпер пуловер/пуловер,Мужчинам/Одежда/Джемперы/свитеры и кардиганы/Джемперы и пуловеры/Пуловеры
мужчина/одежда/джемпер/свитер кардиган/жилет,Мужчинам/Одежда/Джемперы/свитеры и кардиганы/Жилеты
мужчина/одежда/джемпер/свитер кардиган/кардиган,Мужчинам/Одежда/Джемперы/свитеры и кардиганы/Кардиганы
мужчина/одежда/джемпер/свитер кардиган/свитер,Мужчинам/Одежда/Джемперы/свитеры и кардиганы/Свитеры
мужчина/одежда/джинсы/заузить джинсы,Мужчинам/Одежда/Джинсы/Зауженные джинсы
мужчина/одежда/джинсы/прямой джинсы,Мужчинам/Одежда/Джинсы/Прямые джинсы
мужчина/одежда/домашний одежда/брюки шорты,Мужчинам/Одежда/Домашняя одежда/Брюки и шорты
мужчина/одежда/домашний одежда/кигуруметь,Мужчинам/Одежда/Домашняя одежда/Кигуруми
мужчина/одежда/домашний одежда/комплект,Мужчинам/Одежда/Домашняя одежда/Комплекты
мужчина/одежда/домашний одежда/пижама,Мужчинам/Одежда/Домашняя одежда/Пижамы
мужчина/одежда/домашний одежда/футболка майка,Мужчинам/Одежда/Домашняя одежда/Футболки и майки
мужчина/одежда/домашний одежда/халат,Мужчинам/Одежда/Домашняя одежда/Халаты
мужчина/одежда/комбинезон,Мужчинам/Одежда/Комбинезоны
мужчина/одежда/майка/майка,Мужчинам/Одежда/Майки/Майки
мужчина/одежда/майка/спортивный майка,Мужчинам/Одежда/Майки/Спортивные майки
мужчина/одежда/нижний бельё/боксёр,Мужчинам/Одежда/Нижнее белье/Боксеры
мужчина/одежда/нижний бельё/бриф,Мужчинам/Одежда/Нижнее белье/Брифы
мужчина/одежда/нижний бельё/кальсоны,Мужчинам/Одежда/Нижнее белье/Кальсоны
мужчина/одежда/нижний бельё/комплект,Мужчинам/Одежда/Нижнее белье/Комплекты
мужчина/одежда/нижний бельё/стринг,Мужчинам/Одежда/Нижнее белье/Стринги
мужчина/одежда/нижний бельё/трус шорты,Мужчинам/Одежда/Нижнее белье/Трусы-шорты
мужчина/одежда/нижний бельё/футболка,Мужчинам/Одежда/Нижнее белье/Футболки
мужчина/одежда/носка гетры/гетры,Мужчинам/Одежда/Носки и гетры/Гетры
мужчина/одежда/носка гетры/короткий носка,Мужчинам/Одежда/Носки и гетры/Короткие носки
мужчина/одежда/носка гетры/носка,Мужчинам/Одежда/Носки и гетры/Носки
мужчина/одежда/одежда больший размер/брюки,Мужчинам/Одежда/Одежда больших размеров/Брюки
мужчина/одежда/одежда больший размер/верхний одежда,Мужчинам/Одежда/Одежда больших размеров/Верхняя одежда
мужчина/одежда/одежда больший размер/джемпер/свитер кардиган,Мужчинам/Одежда/Одежда больших размеров/Джемперы/свитеры и кардиганы
мужчина/одежда/одежда больший размер/джинсы,Мужчинам/Одежда/Одежда больших размеров/Джинсы
мужчина/одежда/одежда больший размер/домашний одежда,Мужчинам/Одежда/Одежда больших размеров/Домашняя одежда
мужчина/одежда/одежда больший размер/майка,Мужчинам/Одежда/Одежда больших размеров/Майки
мужчина/одежда/одежда больший размер/нижний бельё,Мужчинам/Одежда/Одежда больших размеров/Нижнее белье
мужчина/одежда/одежда больший размер/носка гетры,Мужчинам/Одежда/Одежда больших размеров/Носки и гетры
мужчина/одежда/одежда больший размер/пиджак костюм,Мужчинам/Одежда/Одежда больших размеров/Пиджаки и костюмы
мужчина/одежда/одежда больший размер/плавка шорты плавание,Мужчинам/Одежда/Одежда больших размеров/Плавки и шорты для плавания
мужчина/одежда/одежда больший размер/рубашка,Мужчинам/Одежда/Одежда больших размеров/Рубашки
мужчина/одежда/одежда больший размер/спортивный костюм,Мужчинам/Одежда/Одежда больших размеров/Спортивные костюмы
мужчина/одежда/одежда больший размер/термобельё,Мужчинам/Одежда/Одежда больших размеров/Термобелье
мужчина/одежда/одежда больший размер/толстовка олимпийка,Мужчинам/Одежда/Одежда больших размеров/Толстовки и олимпийки
мужчина/одежда/одежда больший размер/футболка полый,Мужчинам/Одежда/Одежда больших размеров/Футболки и поло
мужчина/одежда/одежда больший размер/шорты,Мужчинам/Одежда/Одежда больших размеров/Шорты
мужчина/одежда/пиджак костюм/жилет,Мужчинам/Одежда/Пиджаки и костюмы/Жилеты
мужчина/одежда/пиджак костюм/костюм,Мужчинам/Одежда/Пиджаки и костюмы/Костюмы
мужчина/одежда/пиджак костюм/пиджак,Мужчинам/Одежда/Пиджаки и костюмы/Пиджаки
мужчина/одежда/плавка шорты плавание/плавка,Мужчинам/Одежда/Плавки и шорты для плавания/Плавки
мужчина/одежда/плавка шорты плавание/шорты плавание,Мужчинам/Одежда/Плавки и шорты для плавания/Шорты для плавания
мужчина/одежда/рубашка/джинсовый рубашка,Мужчинам/Одежда/Рубашки/Джинсовые рубашки
мужчина/одежда/рубашка/рубашка длинный рукав,Мужчинам/Одежда/Рубашки/Рубашки с длинным рукавом
мужчина/одежда/рубашка/рубашка короткий рукав,Мужчинам/Одежда/Рубашки/Рубашки с коротким рукавом
мужчина/одежда/спортивный костюм,Мужчинам/Одежда/Спортивные костюмы
мужчина/одежда/термобельё/верх,Мужчинам/Одежда/Термобелье/Верх
мужчина/одежда/термобельё/комплект,Мужчинам/Одежда/Термобелье/Комплекты
мужчина/одежда/термобельё/низ,Мужчинам/Одежда/Термобелье/Низ
мужчина/одежда/толстовка олимпийка/олимпийка,Мужчинам/Одежда/Толстовки и олимпийки/Олимпийки
мужчина/одежда/толстовка олимпийка/свитшота,Мужчинам/Одежда/Толстовки и олимпийки/Свитшоты
мужчина/одежда/толстовка олимпийка/толстовка,Мужчинам/Одежда/Толстовки и олимпийки/Толстовки
мужчина/одежда/толстовка олимпийка/флиски,Мужчинам/Одежда/Толстовки и олимпийки/Флиски
мужчина/одежда/толстовка олимпийка/худить,Мужчинам/Одежда/Толстовки и олимпийки/Худи
мужчина/одежда/уход одежда,Мужчинам/Одежда/Уход за одеждой
мужчина/одежда/футболка полый/комплект,Мужчинам/Одежда/Футболки и поло/Комплекты
мужчина/одежда/футболка полый/лонгслив,Мужчинам/Одежда/Футболки и поло/Лонгсливы
мужчина/одежда/футболка полый/полый/полый длинный рукав,Мужчинам/Одежда/Футболки и поло/Поло/Поло с длинным рукавом
мужчина/одежда/футболка полый/полый/полый короткий рукав,Мужчинам/Одежда/Футболки и поло/Поло/Поло с коротким рукавом
мужчина/одежда/футболка полый/спортивный футболка лонгслив/спортивный лонгслив,Мужчинам/Одежда/Футболки и поло/Спортивные футболки и лонгсливы/Спортивные лонгсливы
мужчина/одежда/футболка полый/спортивный футболка лонгслив/спортивный футболка,Мужчинам/Одежда/Футболки и поло/Спортивные футболки и лонгсливы/Спортивные футболки
мужчина/одежда/футболка полый/футболка короткий рукав,Мужчинам/Одежда/Футболки и поло/Футболки с коротким рукавом
мужчина/одежда/шорты/бридж,Мужчинам/Одежда/Шорты/Бриджи
мужчина/одежда/шорты/джинсовый шорты,Мужчинам/Одежда/Шорты/Джинсовые шорты
мужчина/одежда/шорты/повседневный шорты,Мужчинам/Одежда/Шорты/Повседневные шорты
мужчина/одежда/шорты/спортивный шорты,Мужчинам/Одежда/Шорты/Спортивные шорты
пуховик утеплить куртка/девочка/спорт/одежда/куртка жилет/куртка/ребёнок,Пуховики и утепленные куртки/Девочкам/Спорт/Одежда/Куртки и жилеты/Куртки/Детям
пуховик утеплить куртка/мальчик/спорт/одежда/куртка жилет/куртка/ребёнок,Пуховики и утепленные куртки/Мальчикам/Спорт/Одежда/Куртки и жилеты/Куртки/Детям
сноубордический куртка/девочка/спорт/одежда/куртка жилет/куртка/ребёнок,Сноубордические куртки/Девочкам/Спорт/Одежда/Куртки и жилеты/Куртки/Детям
сноубордический куртка/мальчик/спорт/одежда/куртка жилет/куртка/ребёнок,Сноубордические куртки/Мальчикам/Спорт/Одежда/Куртки и жилеты/Куртки/Детям
